hex_id,point_id,P_ij
4,50022727,0.0028088448994243054
4,132495,0.1474768405280509
4,103449,0.022957275603582388
4,204296,0.3640604057480995
4,325074,0.0210382499110707
4,50001677,0.3123176446646297
4,50035379,0.014769567729794776
4,151795,0.10646144852972864
4,327421,0.008109722385619238
5,5698,1.0
6,50004504,0.799994775004055
6,50004291,0.2000052249959449
11,159686,0.11828525119002826
11,205211,0.060722926319398705
11,205295,0.046855156464838836
11,307145,0.026045773235728948
11,122573,0.017694883825945265
11,306618,0.01737807147969933
11,159308,0.045703845054086756
11,309818,0.04693241311852918
11,305288,0.055294431619113765
11,50010262,0.04080778588471707
11,1118,0.049705370570150065
11,1119,0.05214995733208141
11,1120,0.04934121538973546
11,1121,0.1251581777354892
11,1122,0.05214995733208141
11,1123,0.05214995733208141
11,1124,0.049705370570150065
11,1134,0.09391945554614488
12,115485,0.024637230289687794
12,50007186,0.06450563720034869
12,320938,0.04616769955460896
12,142984,0.08075861124691061
12,161945,0.015456274570059495
12,211389,0.11750659981740623
12,151142,0.013545681529373823
12,171326,0.10970000520932992
12,321023,0.008626963101926255
12,50000340,0.012876268632574695
12,50006677,0.020972303867624907
12,50022893,0.012091360027007041
12,171008,0.01563213390016615
12,132438,0.005648567899206684
12,312745,0.009685453199420338
12,171038,0.01069790551764191
12,313125,0.10753410715078579
12,210928,0.13396200349512072
12,5297,0.048352939958423866
12,209491,0.003235345286557544
12,50015998,0.011984667240886126
12,204648,0.03763292174762372
12,50002690,0.007070699952498238
12,309550,0.015852711858201245
12,50006188,0.002549785181398829
12,1072,0.06331612256521038
13,126698,0.10507199534046882
13,50006867,0.1569041567299067
13,167574,0.09022427394841527
13,212762,0.05725495886228342
13,50000808,0.21481378453226901
13,101793,0.21460818261659514
13,318052,0.048608091540713994
13,1065,0.034250111404800124
13,1066,0.015364202939375132
13,1067,0.06290024208517245
14,321694,0.016253272796724068
14,173155,0.018209315106204525
14,317634,0.020771749198375444
14,159956,0.01932886709003782
14,129981,0.023480612476251744
14,50009499,0.02999794216457727
14,314080,0.10188498025987731
14,131488,0.1068738124916161
14,305303,0.040991245020502394
14,50017134,0.054435780334933445
14,162105,0.06120080787160569
14,163112,0.05147557728358962
14,50011665,0.04039011348694242
14,139652,0.049032536802000926
14,164050,0.061180524121295696
14,50022268,0.0922825028717855
14,312376,0.04108922788163113
14,308494,0.014584103284964012
14,50015468,0.05712598845004553
14,50019717,0.01516171185307047
14,50009047,0.010617250569458973
14,312610,0.00931537798270805
14,214065,0.008974578932888513
14,1023,0.026196944096015563
14,1064,0.029145177572897744
15,319166,0.08930477262312884
15,50016237,0.1290171563296698
15,312117,0.21233353101916538
15,319960,0.36134833850405124
15,306313,0.13348956056852657
15,50015425,0.07450664095545817
19,50027530,0.009057452970856196
19,50027540,0.052148298311073954
19,308070,0.03251577153760002
19,212080,0.031862440246653065
19,50013962,0.014910044986605848
19,142316,0.014799117395487149
19,3106,0.05440445170530922
19,319049,0.12420508289355522
19,50015771,0.020898580283519666
19,214583,0.02519164420086448
19,155290,0.07346283399765921
19,213460,0.03180660810733122
19,5427,0.018696478071708687
19,360286,0.04178484904880052
19,312402,0.009262719736943176
19,125903,0.02665514900659732
19,321994,0.16296029281449753
19,50008881,0.10039452611710757
19,50019523,0.1322274023739427
19,1116,0.015466903259807848
19,1117,0.0072893529340794065
20,125077,0.00563263938716373
20,50012899,0.004516847057686232
20,50005687,0.004702223207513066
20,50000939,0.003494047114848999
20,50008049,0.012694512196107613
20,212144,0.017524153439909408
20,136188,0.0618501977797371
20,50017374,0.09771031785087479
20,50012911,0.14932429008838
20,144104,0.08333499697116238
20,50022857,0.20204781457279727
20,50002472,0.05292628167042323
20,50013041,0.018979758900469757
20,2890,0.05572683257839333
20,210688,0.0407243837949657
20,1075,0.0393771874215714
20,1076,0.07058188864712685
20,1077,0.02936547152036415
20,1078,0.013171323297256309
20,1098,0.008756760458094039
20,1099,0.008485186003076154
20,1106,0.006732005626582529
20,1107,0.003869044087111254
20,1132,0.00415138633311752
20,1133,0.00432044999526716
21,50011456,0.01669163307127872
21,50001101,0.060247993736158016
21,50031886,0.035557415337618345
21,50034991,0.003367353340017688
21,50022152,0.08044053079846245
21,50017267,0.05253503814664172
21,5285,0.055437467530910396
21,209978,0.2999616496244849
21,50009042,0.016310934085577253
21,307356,0.016060970744702245
21,162540,0.013228197371351204
21,206935,0.03394123081599067
21,50016484,0.037546921497490955
21,203190,0.016901691901496423
21,139531,0.030520600452108936
21,50016357,0.005245951348979913
21,161796,0.031095077498644937
21,209080,0.003485074448522594
21,1073,0.016733112656521987
21,1074,0.09540866714235689
21,1080,0.00560566806379922
21,1081,0.046284841463555056
21,1083,0.027391978923329348
22,50003520,0.9523796293273487
22,50005351,0.04762037067265131
23,50006852,0.012037282630861009
23,140184,0.03015831729834318
23,217837,0.0353866372359345
23,108722,0.10536423446599537
23,50019116,0.04794612974954922
23,50006212,0.016285560699117147
23,214718,0.019914657238542622
23,50018091,0.02381825300583968
23,317159,0.02047139259048052
23,313779,0.012533177418813643
23,311080,0.04790008978852633
23,50015883,0.11095173452518198
23,50007486,0.035182326206088396
23,308121,0.017575380135326175
23,50015564,0.005762146080672229
23,150148,0.006853797699524947
23,1024,0.028396100850617126
23,1025,0.028396100850617126
23,1026,0.09679237819445215
23,1027,0.09679237819445215
23,1028,0.022372961607030017
23,1029,0.04790008978852633
23,1030,0.055201445050362806
23,1031,0.07600742869514533
25,50003803,0.1836183878620834
25,50027531,0.47858799533824126
25,167731,0.3377936167996754
26,110453,0.12952581508955108
26,50022799,0.23180802513810767
26,321507,0.020414961853108964
26,50006291,0.26957636747759933
26,213506,0.061945925551150534
26,101476,0.06389605402275318
26,172240,0.07263595944409014
26,1137,0.07318243074345254
26,1138,0.028129994744164447
26,1139,0.048884465936021984
27,312025,0.0010909127179420412
27,312025,0.0010909127179420412
27,172245,0.001349833310653182
27,172245,0.001349833310653182
27,211507,0.020422214248641365
27,211019,0.002662641036217896
27,50011757,0.026333049270597354
27,1809,0.003694691586404725
27,306046,0.006174942574678317
27,159277,0.011539064297761276
27,50006259,0.013291430590370714
27,50017354,0.031164398135071218
27,50005049,0.010420320198246406
27,50008255,0.03927399644184237
27,50011386,0.06580334778174708
27,134871,0.14365813508532008
27,329651,0.02945356819001497
27,317079,0.018080805677898937
27,327650,0.010571828054932512
27,144910,0.008164365781919626
27,50022194,0.001122272948946516
27,169830,0.018241165961112707
27,50002078,0.0037719247443755975
27,312025,0.0010909127179420412
27,312025,0.0010909127179420412
27,50032099,0.0010799961629697533
27,172245,0.001349833310653182
27,172245,0.001349833310653182
27,206380,0.029590145959395093
27,50013942,0.004101093352365216
27,50006250,0.01659524414143248
27,50001545,0.007412947107108682
27,143503,0.018241165961112707
27,1101,0.02506308945162493
27,1102,0.022240055002001314
27,1103,0.027435609352723628
27,1104,0.00751383069869031
27,1105,0.020923963324672112
27,1108,0.008714997100641218
27,1109,0.008176568196930767
27,1110,0.002729552578407829
27,1111,0.03381058014650448
27,1112,0.058785300259345634
27,1113,0.058785300259345634
27,1114,0.14138197839773348
27,1115,0.03381143582651408
28,2122,0.02825551193648613
28,50014074,0.03719775487555246
28,50034056,0.05339054258753385
28,50037986,0.016007409410835664
28,50031787,0.005306262989319063
28,137644,0.026227465853721883
28,151739,0.018735400713862756
28,150386,0.005807464377306329
28,308738,0.005685521285065589
28,157869,0.012895005909778339
28,335761,0.024579400675702176
28,50004457,0.007696374097894123
28,114368,0.02040011221981686
28,214796,0.02129733860840405
28,50006439,0.021410617127162967
28,311711,0.024374649074708647
28,130288,0.008692965532438717
28,130288,0.008692965532438717
28,130288,0.008692965532438717
28,130288,0.008692965532438717
28,306686,0.03517639934011479
28,349561,0.010733085936344014
28,208111,0.011776269203951962
28,127434,0.03154819135050842
28,50006610,0.022436765021352115
28,215050,0.04519184630843174
28,313083,0.05498739231825432
28,50017787,0.048804705077635714
28,150043,0.004768976099597185
28,215158,0.01620956739580735
28,213607,0.029771849147298007
28,1069,0.011481694686390626
28,1070,0.027468008269979794
28,1071,0.02892241897772441
28,1079,0.02012157225235327
28,1082,0.034102338039691316
28,1084,0.02892241897772441
28,1085,0.027468008269979794
28,1091,0.019479909729655846
28,1092,0.018150077279132985
28,1093,0.02537328632407635
28,1094,0.017062619160127544
28,1095,0.004384600811498173
28,1096,0.036208053031882986
28,1100,0.02541125311758107
29,173134,0.008433149946514323
29,312276,0.010174480663368847
29,141127,0.01082624532202945
29,3852,0.016439405775038485
29,337942,0.009371683267170958
29,50007604,0.010627284671595799
29,139733,0.011455331405577808
29,315637,0.015669813749074956
29,140341,0.014472755942015702
29,50016337,0.014472755942015702
29,307384,0.014875419132260174
29,139581,0.012913984270013792
29,50004254,0.015867754128517292
29,126707,0.02392748527672282
29,212229,0.03539187802375684
29,322777,0.04612606230205186
29,213695,0.13393990443815004
29,50019696,0.013746653963319672
29,318390,0.014638854574879932
29,211591,0.034571063744026784
29,213621,0.10979874929301742
29,50005710,0.16704768665154374
29,319606,0.020386854948916268
29,316252,0.020320139703072993
29,140352,0.015816784239884436
29,320976,0.03637397215071497
29,312535,0.007164774277499114
29,212518,0.006943042789438052
29,309432,0.007963446801217536
29,50017411,0.006938600853079294
29,50016599,0.019420844341984704
29,1086,0.1138831374115303
30,50015367,0.020127371670868612
30,162684,0.43458453014856996
30,310691,0.023038119483527006
30,309492,0.02840257530690518
30,320115,0.018852817234558446
30,160580,0.013586509181019142
30,213025,0.037635561927484705
30,322809,0.012433064872533534
30,311268,0.01650992782215881
30,1032,0.14690557966992385
30,1033,0.11806187821514667
30,1034,0.129862064467304
31,50000027,0.07389346378677145
31,308919,0.05581699517863546
31,5724,0.10781686264639281
31,139667,0.06869427102186774
31,336560,0.04136139663584988
31,130971,0.043256846628927766
31,211869,0.22061026968722522
31,314525,0.02977573387412344
31,318295,0.030769749609564814
31,318205,0.04372473143795538
31,50008906,0.05513982679494205
31,325165,0.019319149032551948
31,1020,0.056284798156135456
31,1021,0.15353590550905666
32,50003926,1.0
34,311605,0.008942712374678398
34,162181,0.009331530965829777
34,321461,0.09031442892680804
34,325824,0.08165699680325951
34,50010189,0.014234054566420696
34,6007,0.017140139142431163
34,327321,0.037786629735987134
34,314961,0.07680088506869466
34,162363,0.1643173539222958
34,314488,0.014775886648516747
34,150877,0.01580420202226388
34,307799,0.01337465161281743
34,50003893,0.011333987660364466
34,50004592,0.1107150709646892
34,50034184,0.15568873043485462
34,50007850,0.1382299894408388
34,1150,0.011299908686988573
34,1151,0.021040597246490954
34,1152,0.007212243775770216
35,50007505,0.03493739575147536
35,50022830,0.025084848655828374
35,308356,0.013179482548126814
35,169926,0.09040539086920144
35,322743,0.04160028700026997
35,165829,0.01864355352735501
35,50022556,0.02156314366805956
35,302715,0.013560199448608711
35,151474,0.009033985622129793
35,309713,0.008530127414108815
35,163299,0.008997509064558528
35,50017901,0.006773394000825734
35,141696,0.07710056075180824
35,150856,0.04858271781206289
35,306764,0.03511628101268246
35,50011829,0.0029839648451052358
35,50008202,0.0030276060683946337
35,145143,0.04858271781206289
35,311084,0.008753050550275223
35,311084,0.008753050550275223
35,311084,0.008753050550275223
35,311084,0.008753050550275223
35,214958,0.001703504520773225
35,314375,0.005450162141492563
35,50034108,0.014982034900127691
35,137023,0.008071081775015709
35,50017960,0.007118848950863502
35,1140,0.0017297632957304077
35,1141,0.002151176010017451
35,1142,0.0027394450041983488
35,1143,0.002799802827867402
35,1144,0.10730784431915576
35,1145,0.05074268289837461
35,1146,0.07151734473308392
35,1147,0.08174316638350286
35,1148,0.0593125812276438
35,1149,0.002026516843686317
35,1156,0.009784539519749882
35,1157,0.0035072501660416444
35,1158,0.0031272709519895277
35,1159,0.002708048645149437
35,1160,0.0033099187339576336
35,1161,0.002011359604936212
35,1162,0.002011359604936212
35,1163,0.011428928867940663
36,327069,0.02683337072441952
36,50007884,0.007576280798285456
36,101224,0.0065535858517444595
36,50000763,0.13293157385900017
36,215440,0.005192464635865935
36,114183,0.0044325266134152925
36,50016730,0.040097102594026976
36,50016730,0.040097102594026976
36,130439,0.004568644457188441
36,130439,0.004568644457188441
36,3090,0.004264499802585439
36,3090,0.004264499802585439
36,335637,0.004036683972895851
36,335637,0.004036683972895851
36,50002697,0.05075391473832181
36,110310,0.0032429349114001384
36,50022352,0.003280169255005829
36,218499,0.018167906806994767
36,50012770,0.08901975460350615
36,50022393,0.08343706855336898
36,50014197,0.06815609968862057
36,168833,0.09859409982682728
36,50007861,0.07066015680752398
36,50001931,0.0044724809429310276
36,215578,0.012220847110890562
36,50035925,0.019111901273154125
36,320015,0.041780975723794675
36,50016730,0.040097102594026976
36,50016730,0.040097102594026976
36,130439,0.004568644457188441
36,130439,0.004568644457188441
36,126997,0.01824858398185593
36,50009505,0.011831910711902932
36,3090,0.004264499802585439
36,3090,0.004264499802585439
36,335637,0.004036683972895851
36,335637,0.004036683972895851
36,50027099,0.004675682545551336
36,1097,0.003024776459101578
36,1155,0.003933210269730779
37,135247,0.0028150638110796106
37,300686,0.0033977252552285413
37,114613,0.006519767985101679
37,158336,0.007019850041127086
37,216668,0.026617754551135575
37,109221,0.024654578944653713
37,50005267,0.009391244923991614
37,164045,0.022694423219059696
37,50008234,0.03781439207208226
37,313972,0.10573636298141394
37,313586,0.014316220752254447
37,214004,0.0026279054603104246
37,123260,0.0029904317588076
37,50038086,0.003046859505882586
37,50011662,0.0033551576495596913
37,128155,0.0038023133164497556
37,50015344,0.08148453212007613
37,50015344,0.08148453212007613
37,50008314,0.07716948014867613
37,50008314,0.07716948014867613
37,50002618,0.003510223795101325
37,319831,0.003391266776959556
37,142678,0.003777576720334189
37,142678,0.003777576720334189
37,142678,0.003777576720334189
37,142678,0.003777576720334189
37,50008314,0.07716948014867613
37,50008314,0.07716948014867613
37,50015344,0.08148453212007613
37,50015344,0.08148453212007613
37,1061,0.004778499161611078
37,1062,0.007670614376357746
37,1063,0.0188046948708001
37,1068,0.003121334309184764
37,1087,0.005721649278343541
37,1088,0.0188046948708001
37,1089,0.007670614376357746
38,316998,0.07559487663181913
38,311516,0.02897230657372334
38,50000309,0.2209950119225522
38,319479,0.025309296008922948
38,165913,0.027555037507517383
38,307802,0.11084364335627109
38,50019334,0.1342388981073099
38,162553,0.041058345581993574
38,50013264,0.036468571174738076
38,312428,0.05567621470946505
38,139037,0.0318666904575262
38,1038,0.10915123647614787
38,1040,0.07198542605515462
38,1041,0.030284445436858567
39,162433,0.048903188321300875
39,50035892,0.014955878268497376
39,50013069,0.0318993874215735
39,164005,0.03375917411286686
39,160547,0.01804946177470258
39,50013987,0.08559307390144782
39,2055,0.05570512960405774
39,157715,0.1192924504384654
39,206909,0.030148569788943223
39,50016466,0.02080361256672938
39,50006913,0.01611582732523725
39,214816,0.01951873615625431
39,50022975,0.0169328158314842
39,50008878,0.019799136119589573
39,305662,0.02244223268340465
39,322499,0.024631376851091142
39,310122,0.028497951765125717
39,50016121,0.04050732491159341
39,1018,0.18289706507366413
39,1019,0.03465711400958522
39,1036,0.09515596288398241
39,1037,0.039734530190403204
40,310169,0.06911463964081607
40,162837,0.06862513768389183
40,137621,0.12978890073207358
40,50017284,0.09226937707180599
40,165263,0.058224732639821176
40,156999,0.10579035860838532
40,156977,0.08812417655287141
40,308179,0.07256131723539344
40,1008,0.03352094412835613
40,1009,0.04406500970708656
40,1010,0.23791540599949856
41,5074,0.07670845132438522
41,50022127,0.18174779268713517
41,139490,0.008686680921757213
41,50017560,0.01602114575536698
41,323326,0.01837394037136387
41,161324,0.02356416165926353
41,150554,0.024949431765891684
41,364170,0.0758310798562219
41,50015247,0.11169494515046705
41,1184,0.24270030356543382
41,1185,0.07255687154048879
41,1186,0.14716519540222478
42,50012731,0.018740586049712144
42,50013770,0.016940370153956677
42,158835,0.017325682416987436
42,5927,0.00789197296716921
42,205001,0.022155388916556298
42,50017220,0.002879334425855356
42,312212,0.006505353214086538
42,305933,0.0016559554846840084
42,139563,0.001698138688475646
42,6071,0.01197858406333967
42,213810,0.014941115048443296
42,213591,0.0020607365184763197
42,217460,0.003879955382405825
42,315869,0.0037191004155743518
42,319945,0.009457682146498019
42,202826,0.008837504225624812
42,307082,0.3702180330450161
42,50005846,0.022233455054006937
42,50014180,0.005594285632019094
42,147976,0.006128033959925555
42,157598,0.042321127081329735
42,50019260,0.04931885126729496
42,1283,0.0332221788981068
42,50005059,0.00849145789980717
42,50013432,0.0542258015101084
42,216293,0.016633803418676332
42,50001411,0.02467317181014664
42,50031275,0.01660771640293729
42,50003019,0.007484532280927171
42,1153,0.03018069956963707
42,1154,0.03486637267194897
42,1164,0.012545256787995267
42,1174,0.003238884760644617
42,1175,0.0025818638584026326
42,1176,0.0025818638584026326
42,1177,0.004407695581301285
42,1178,0.011781424119026176
42,1179,0.07062246243888594
42,1180,0.006480999274190743
42,1181,0.005183462599799801
42,1182,0.002328225944370966
42,1183,0.005380880157246075
43,209621,0.006469268765380072
43,50007108,0.0030072619662774433
43,314947,0.005559970550072731
43,50014582,0.008252026211260987
43,218396,0.02675573753324815
43,50007243,0.025459307911126276
43,50007243,0.025459307911126276
43,144597,0.05124236775212826
43,159616,0.09704494928837805
43,50006544,0.10511359513917146
43,50014990,0.10975305203611707
43,102332,0.03674864505393523
43,50019620,0.04205442985730092
43,304381,0.05958374420533122
43,50007243,0.025459307911126276
43,50007243,0.025459307911126276
43,215971,0.028802962838279284
43,157827,0.01841128656426687
43,208335,0.013726791387307334
43,208335,0.013726791387307334
43,140119,0.010320290986011655
43,140119,0.010320290986011655
43,127171,0.01687160119303059
43,309655,0.014391885090067877
43,321022,0.011486351072425913
43,50003801,0.010589328788784765
43,140527,0.010879046910732082
43,217423,0.03522623212104545
43,141797,0.00899981772463371
43,202530,0.03195329072379372
43,140119,0.010320290986011655
43,140119,0.010320290986011655
43,208335,0.013726791387307334
43,208335,0.013726791387307334
43,314956,0.009083298285876435
43,141272,0.011879173448721539
43,123498,0.015043805457310055
43,308981,0.003953274147563562
43,110564,0.004189036080332825
43,317467,0.006967735133767927
43,1165,0.006168376317930487
43,1166,0.005492888605054204
44,350046,0.015105016711157864
44,2454,0.01409625421183131
44,50007483,0.013546880051106111
44,50013391,0.008269298989186739
44,141500,0.0050059887996776724
44,50022479,0.005664021578039538
44,50014102,0.0058817252752650885
44,158526,0.006910395826540152
44,332239,0.003380894767708372
44,141130,0.005775926383727645
44,125938,0.003624243862741753
44,159387,0.004833807670876276
44,306519,0.004977429870974765
44,163662,0.005725351837565997
44,162057,0.007724874658950057
44,309168,0.02176467997717825
44,124813,0.062426896497349664
44,159164,0.00380782766695858
44,208296,0.005550286318828482
44,50022919,0.004061477361691664
44,159923,0.0034589761801928154
44,124049,0.0034589761801928154
44,306446,0.0038979530079381293
44,111541,0.05597759286585885
44,159614,0.026409890193377108
44,50015381,0.015839848997809682
44,50006036,0.014263602448546027
44,320592,0.02057009829431478
44,50006952,0.013605425212617234
44,50014963,0.003962126228914608
44,160311,0.0047131616948997215
44,303212,0.006524847636049152
44,206949,0.008673892621201327
44,169877,0.010125527275446097
44,50008920,0.025925634070273804
44,172437,0.02878277824777364
44,102778,0.006241245148187386
44,308003,0.17248505289044566
44,112934,0.09194355942814299
44,50017741,0.0036219346917990294
44,161731,0.003624732655645961
44,169598,0.006749146641458413
44,101756,0.006144011782062233
44,211005,0.003085615652824259
44,168525,0.00308507205174108
44,213026,0.009754130652876213
44,312293,0.004220504246456051
44,50013068,0.004229799034830625
44,149433,0.003892992154870772
44,50016618,0.0034952159047002013
44,2182,0.0028911003564281407
44,157767,0.002796594631041953
44,212542,0.003041863230116129
44,141151,0.0028563033876626183
44,307325,0.0031540692677364604
44,313139,0.003774304243350772
44,50015132,0.003590955554615517
44,50015722,0.009133690600711383
44,123745,0.010098144268212301
44,140070,0.026289399201605543
44,996,0.02810319031127568
44,50006347,0.046746557170387615
44,308958,0.05412360174129218
44,1055,0.0028707042953624567
44,1059,0.0131662644845636
44,1060,0.010466634846835068
45,50034737,0.0034090095314568193
45,311410,0.008464732884910772
45,316508,0.005269351906432591
45,112685,0.004692952984330586
45,5428,0.00679953036782402
45,315660,0.02719578756976761
45,157910,0.03987983291372358
45,212274,0.022600564098804423
45,50005499,0.0071937829141412645
45,156711,0.015950997210901752
45,141401,0.029678984524537228
45,50010084,0.019453590590412802
45,306743,0.01405821679381551
45,110623,0.0034741706125561204
45,323098,0.0032327468036100933
45,323036,0.030461049747848617
45,50010060,0.03139716935516118
45,50006771,0.07128622587007254
45,155932,0.0499266815427896
45,142568,0.1278591548081722
45,308100,0.011790061200430881
45,312473,0.04122368640978394
45,157770,0.03433079048313292
45,142912,0.01952987692054716
45,310094,0.010334473466275937
45,206097,0.008752637540813688
45,137176,0.013844412288059181
45,321194,0.023506713113502324
45,151691,0.010401898211481056
45,150701,0.010141504474720375
45,111059,0.007906415092133964
45,164697,0.015358806824725171
45,310657,0.015008528830593058
45,144560,0.047358399434797346
45,113174,0.02684183791099177
45,50017063,0.010504156441180263
45,1042,0.03742802213835407
45,1043,0.027490133924549777
45,1045,0.02395192820098056
45,1046,0.023253965699830514
45,1050,0.00674734982112521
45,1051,0.006765016107999791
45,1052,0.009972310608048537
45,1056,0.002845223308199066
45,1057,0.014519021202051341
45,1058,0.017908297314422943
46,212451,0.03559323524203725
46,210282,0.016984245462075158
46,214434,0.016065595036579887
46,209718,0.02519224556137388
46,342331,0.034351344640265236
46,209176,0.0335870167747349
46,50022075,0.032550805585104675
46,306922,0.028107528321754872
46,164179,0.05284301915270708
46,302095,0.044117268242410496
46,121352,0.037328326041690306
46,151875,0.0672819841268943
46,50022339,0.054151676504740835
46,50005904,0.06033000430059005
46,50006393,0.030721033962248043
46,317464,0.052324573740511415
46,50035105,0.06312729226943846
46,306930,0.0925258989051218
46,112891,0.01965393160177159
46,326637,0.017363307395404804
46,50002867,0.01912468718389715
46,165658,0.06239669598613434
46,50013587,0.052066383719013155
46,1016,0.012902690150102956
46,1017,0.011540927046808187
46,1044,0.02776828304658946
47,317624,0.010335808272458509
47,326073,0.014834707071107586
47,310391,0.012050936043876796
47,214131,0.017577933131979875
47,319050,0.014747121388289585
47,50034918,0.025605749234553044
47,164023,0.5380884494705267
47,103929,0.09336739801736749
47,50007090,0.013284941101156508
47,123078,0.06316115190318704
47,50006425,0.01397621419773224
47,1011,0.14208918519348224
47,1012,0.04088040497428219
48,324782,0.05794212253395954
48,137365,0.11180581022287454
48,142978,0.08048250109878785
48,50015985,0.11008177906586826
48,308364,0.09024318140586352
48,137674,0.06395686555740968
48,214779,0.1215075482982527
48,331720,0.09958146334121912
48,127374,0.13528154085779195
48,301416,0.07773376887941277
48,50027095,0.036606886566659495
48,50001712,0.014776532171900471
49,50016277,0.004261814890633674
49,207218,0.010874043585211449
49,3849,0.021562549292402224
49,150729,0.027963135874149413
49,308260,0.008433826297667714
49,170609,0.010402749503150888
49,308296,0.012632259194119843
49,308296,0.012632259194119843
49,211593,0.011214523504433608
49,308296,0.012632259194119843
49,308296,0.012632259194119843
49,50016142,0.01178885821440248
49,151814,0.016220611388401005
49,308309,0.020222940922846894
49,50008206,0.04335742416654205
49,125738,0.1740723826824994
49,160054,0.2717758402585515
49,50005090,0.005933505182508107
49,132759,0.009370725364683223
49,211201,0.0093485043975578
49,157562,0.010450674935126886
49,211055,0.03572173443097787
49,211508,0.07704162543530042
49,103125,0.010896832605144482
49,50018097,0.008707113928256974
49,50016375,0.0054156947638977935
49,211709,0.005802471371027346
49,202312,0.00905874683073591
49,134717,0.017166119826758513
49,214183,0.02559669485470796
49,312425,0.048912452428382484
49,173129,0.012391877168392667
49,322864,0.012168798631357593
49,1199,0.013336690487812306
50,111208,0.024074902565200826
50,162886,0.006711771642982351
50,50019608,0.01623181707746305
50,323085,0.023700710414956083
50,124885,0.05523201285655975
50,164144,0.04415797520397612
50,311985,0.010596353253003827
50,340344,0.12045152444238189
50,307096,0.11410101742052448
50,327619,0.027314201151761943
50,322154,0.055665532347520114
50,50002241,0.07367502106153019
50,50001022,0.008057536271495132
50,308215,0.005826001246150022
50,3892,0.008128737139952632
50,1187,0.03256286865987746
50,1188,0.057858238427822
50,1189,0.3156537788168422
51,50002962,0.10399796594520942
51,306539,0.13640596593631327
51,50003086,0.013817741070653188
51,50035050,0.013872788051901619
51,1167,0.05509110551249471
51,1168,0.06310400278985104
51,1169,0.07023561255275122
51,1170,0.07023561255275122
51,1171,0.022562337192058725
51,1172,0.02609278149976761
51,1173,0.03771301527461081
51,1190,0.31505130395574815
51,1191,0.034381317375390234
51,1192,0.02605313052104591
51,1193,0.011385319769453088
52,308733,0.013803581528712664
52,50005386,0.06677967117909775
52,323014,0.08476357906812429
52,215599,0.025641928598953995
52,160807,0.14546924015667875
52,163510,0.16325594267424606
52,50006280,0.0623277316639948
52,315195,0.01661922769054978
52,162108,0.12364307977969057
52,320500,0.14187286964615636
52,144894,0.02989202866315351
52,209189,0.03186014965757732
52,218320,0.0562139040495016
52,50014731,0.03785706564356258
53,162151,0.004368828063663286
53,306178,0.0047583544728188225
53,363859,0.0051238072537192906
53,160805,0.013168550866427766
53,217229,0.007471822070694345
53,317394,0.005180722441253204
53,50027102,0.011757323416623694
53,50009353,0.021428396295437194
53,50017222,0.016851457605950606
53,311273,0.016538140542350983
53,50007038,0.012974952432551052
53,50019221,0.008581251703723626
53,163597,0.004970552016839718
53,207969,0.0050058435116756205
53,50013422,0.03228237524338476
53,50013422,0.03228237524338476
53,50013422,0.034658603426375785
53,50013422,0.034658603426375785
53,316453,0.055477778113323634
53,210485,0.03975997425851142
53,311572,0.026966826957134926
53,50012866,0.01875001282975715
53,161349,0.01568080972065661
53,161349,0.01568080972065661
53,127390,0.013960474362430125
53,306761,0.03393153351306746
53,50015544,0.03393153351306746
53,309346,0.019703736197781225
53,212022,0.017215938116875322
53,307327,0.014292920805618935
53,311374,0.011564755918471272
53,161349,0.01568080972065661
53,161349,0.01568080972065661
53,211003,0.024103688140994357
53,50015044,0.01991825160900699
53,50011632,0.020747496764336952
53,127750,0.0607026787822715
53,50016159,0.07121782401936678
53,209219,0.061689990971391426
53,3196,0.01425965929850896
53,147663,0.02879037247518059
53,212422,0.014483394533353029
53,50007531,0.01473947383553142
53,215390,0.012896358819599415
53,308828,0.007193011057049993
53,50007876,0.006413979422951314
53,1053,0.014040160606603106
53,1054,0.008462976161938423
54,308375,0.03816316694186065
54,213012,0.04329574329548889
54,50014330,0.05218952273777105
54,324796,0.06784984703732758
54,305535,0.06861875942867007
54,312789,0.094907726458828
54,153612,0.05561884303473975
54,50015868,0.05931931140057134
54,159145,0.10867775420827787
54,162237,0.04848876144120164
54,209125,0.0459740135109332
54,307131,0.03909004733684247
54,50035283,0.025901230652666942
54,164235,0.04619218553386196
54,308651,0.022288611396107546
54,50031674,0.021590235089135774
54,210964,0.06784984703732758
54,1047,0.09398439345838774
55,307362,0.06966213958305809
55,50019822,0.021497351512385222
55,162912,0.03226056794144539
55,213487,0.0330948744690974
55,218531,0.13733183164862597
55,318084,0.05542877346755173
55,323509,0.08213279258132923
55,168994,0.19713927805387776
55,145235,0.03673114239678749
55,50015385,0.0608535093164491
55,50015385,0.0608535093164491
55,151376,0.023827406828588128
55,3958,0.033011629040317146
55,50010338,0.034468175211140026
55,50015385,0.0608535093164491
55,50015385,0.0608535093164491
56,314626,0.03067537044000006
56,168523,0.039356157950004744
56,326835,0.05827229839107901
56,141025,0.07691068238306632
56,141910,0.0915349410281356
56,307996,0.08251210884927804
56,310086,0.06903587307893808
56,312340,0.05033347773676741
56,319966,0.05979591036876373
56,203076,0.07700369344779173
56,1005,0.06385175884200814
56,1006,0.3007177274841669
57,310983,0.011175805814491091
57,310983,0.011175805814491091
57,5719,0.01683960963828279
57,157560,0.04119634682431306
57,50007996,0.025282880781935975
57,50009382,0.08030479300212938
57,143340,0.10371526862008965
57,310983,0.011175805814491091
57,310983,0.011175805814491091
57,171863,0.020482643450434584
57,50005901,0.014871525368629093
57,318076,0.008431029384551161
57,50001625,0.06990201953710178
57,311591,0.009346847555585248
57,105020,0.0822356187181221
57,302926,0.009297625408995834
57,309320,0.012112585751695335
57,314888,0.010877766101950676
57,50010294,0.10992918292149707
57,1200,0.16808318905796055
57,1201,0.08905479233331179
57,1202,0.05268281335228054
57,1205,0.030650238933169132
58,213578,0.012336634700378159
58,208642,0.012840865176944221
58,5426,0.0025139671464484183
58,50032032,0.012111114640228189
58,327229,0.034047409859784786
58,325414,0.002774708476256612
58,50008666,0.004079718127360388
58,312626,0.03148671764340858
58,164078,0.03641651937810277
58,213822,0.09414570971431753
58,213822,0.09414570971431753
58,50016554,0.033572125414631275
58,206678,0.020043284359560577
58,208163,0.022035679223254608
58,50007203,0.0250277557413164
58,155751,0.022735653135683234
58,304427,0.11629520497178562
58,315568,0.08547551442563514
58,151807,0.07903835301762613
58,213822,0.09414570971431753
58,213822,0.09414570971431753
58,160973,0.00496218088826133
58,316959,0.004776686461352052
58,158705,0.013352018681996387
58,205939,0.014353783573233718
58,208736,0.007927150230578604
58,50022480,0.008319053316774698
58,1194,0.002657231364580316
58,1195,0.002469641883569355
58,1196,0.003748458592061842
58,1197,0.0042908064338169905
58,1198,0.0037289242780994105
60,50005821,0.21925982478813164
60,50022734,0.381518205324891
60,50008516,0.18520657916363145
60,317386,0.04093499830325065
60,1090,0.1730803924200954
61,313489,0.01834968219682299
61,313489,0.01834968219682299
61,313489,0.01834968219682299
61,313489,0.03669936439364598
61,313489,0.017867685758921094
61,313489,0.017867685758921094
61,313489,0.017867685758921094
61,313489,0.03573537151784219
61,313489,0.04272597696686485
61,313489,0.04272597696686485
61,313489,0.04272597696686485
61,313489,0.0854519539337297
61,313489,0.07744539447001723
61,313489,0.07744539447001723
61,313489,0.07744539447001723
61,313489,0.15489078894003447
61,143568,0.14435079397100736
61,305044,0.012727236702705333
61,330065,0.025613478524276444
61,1048,0.035364793838879985
62,50004460,0.04645881474511
62,202818,0.06195629259226403
62,215368,0.21552895118991447
62,50013072,0.07961730100721758
62,144158,0.0670344947260919
62,349000,0.040662277030841416
62,1013,0.18279284303069643
62,1014,0.13141025679695323
62,1015,0.174538768880911
64,214020,0.5
64,307160,0.5
65,1204,1.0
66,208913,0.058052932441950277
66,310663,0.1406248211290711
66,207679,0.0844378028845525
66,50016366,0.15191882528055367
66,50001050,0.03538761811266252
66,50002790,0.08209484388927403
66,316637,0.04200115885405218
66,145033,0.047269419827491554
66,50016546,0.024359243765576
66,150368,0.027467951622971484
66,102612,0.0890594672184411
66,304602,0.08279953640320113
66,301928,0.04176398899809613
66,50009520,0.061663203445557896
66,1039,0.03109918612654851
67,313388,0.051282728310998914
67,320330,0.15388959559839724
67,150726,0.27804041892681697
67,50011399,0.08306610508066248
67,320010,0.06441345599515635
67,302990,0.0582654638001255
67,50006225,0.04011602584554617
67,309400,0.05054703918830688
67,209681,0.12953738789104682
67,50006622,0.09084177936294267
74,207915,0.20124276165227106
74,305325,0.43539223212916994
74,114495,0.36336500621855905
75,50018225,0.32250277302509917
75,212461,0.16053101957031785
75,50034058,0.30972831783750154
75,216142,0.20723788956708133
