hex_id,point_id,P_ij,population,expected_demand
4,50022727,0.0028088448994243054,15000.0,42.132673491364585
4,132495,0.1474768405280509,15000.0,2212.152607920764
4,103449,0.022957275603582388,15000.0,344.35913405373583
4,204296,0.3640604057480995,15000.0,5460.906086221493
4,325074,0.0210382499110707,15000.0,315.5737486660605
4,50001677,0.3123176446646297,15000.0,4684.764669969445
4,50035379,0.014769567729794776,15000.0,221.54351594692164
4,151795,0.10646144852972864,15000.0,1596.9217279459294
4,327421,0.008109722385619238,15000.0,121.64583578428856
5,5698,1.0,3000.0,3000.0
6,50004504,0.799994775004055,600.0,479.996865002433
6,50004291,0.2000052249959449,600.0,120.00313499756693
11,159686,0.11828525119002826,0.0,0.0
11,205211,0.060722926319398705,0.0,0.0
11,205295,0.046855156464838836,0.0,0.0
11,307145,0.026045773235728948,0.0,0.0
11,122573,0.017694883825945265,0.0,0.0
11,306618,0.01737807147969933,0.0,0.0
11,159308,0.045703845054086756,0.0,0.0
11,309818,0.04693241311852918,0.0,0.0
11,305288,0.055294431619113765,0.0,0.0
11,50010262,0.04080778588471707,0.0,0.0
11,1118,0.049705370570150065,0.0,0.0
11,1119,0.05214995733208141,0.0,0.0
11,1120,0.04934121538973546,0.0,0.0
11,1121,0.1251581777354892,0.0,0.0
11,1122,0.05214995733208141,0.0,0.0
11,1123,0.05214995733208141,0.0,0.0
11,1124,0.049705370570150065,0.0,0.0
11,1134,0.09391945554614488,0.0,0.0
12,115485,0.024637230289687794,31000.0,763.7541389803216
12,50007186,0.06450563720034869,31000.0,1999.6747532108093
12,320938,0.04616769955460896,31000.0,1431.1986861928779
12,142984,0.08075861124691061,31000.0,2503.516948654229
12,161945,0.015456274570059495,31000.0,479.1445116718443
12,211389,0.11750659981740623,31000.0,3642.7045943395933
12,151142,0.013545681529373823,31000.0,419.9161274105885
12,171326,0.10970000520932992,31000.0,3400.7001614892274
12,321023,0.008626963101926255,31000.0,267.4358561597139
12,50000340,0.012876268632574695,31000.0,399.1643276098156
12,50006677,0.020972303867624907,31000.0,650.1414198963721
12,50022893,0.012091360027007041,31000.0,374.8321608372183
12,171008,0.01563213390016615,31000.0,484.59615090515064
12,132438,0.005648567899206684,31000.0,175.1056048754072
12,312745,0.009685453199420338,31000.0,300.2490491820305
12,171038,0.01069790551764191,31000.0,331.6350710468992
12,313125,0.10753410715078579,31000.0,3333.5573216743596
12,210928,0.13396200349512072,31000.0,4152.822108348742
12,5297,0.048352939958423866,31000.0,1498.9411387111397
12,209491,0.003235345286557544,31000.0,100.29570388328386
12,50015998,0.011984667240886126,31000.0,371.5246844674699
12,204648,0.03763292174762372,31000.0,1166.6205741763354
12,50002690,0.007070699952498238,31000.0,219.19169852744537
12,309550,0.015852711858201245,31000.0,491.4340676042386
12,50006188,0.002549785181398829,31000.0,79.04334062336369
12,1072,0.06331612256521038,31000.0,1962.799799521522
13,126698,0.10507199534046882,13000.0,1365.9359394260946
13,50006867,0.1569041567299067,13000.0,2039.7540374887872
13,167574,0.09022427394841527,13000.0,1172.9155613293985
13,212762,0.05725495886228342,13000.0,744.3144652096845
13,50000808,0.21481378453226901,13000.0,2792.5791989194972
13,101793,0.21460818261659514,13000.0,2789.9063740157367
13,318052,0.048608091540713994,13000.0,631.9051900292819
13,1065,0.034250111404800124,13000.0,445.2514482624016
13,1066,0.015364202939375132,13000.0,199.73463821187673
13,1067,0.06290024208517245,13000.0,817.7031471072418
14,321694,0.016253272796724068,30000.0,487.59818390172205
14,173155,0.018209315106204525,30000.0,546.2794531861357
14,317634,0.020771749198375444,30000.0,623.1524759512633
14,159956,0.01932886709003782,30000.0,579.8660127011347
14,129981,0.023480612476251744,30000.0,704.4183742875523
14,50009499,0.02999794216457727,30000.0,899.9382649373182
14,314080,0.10188498025987731,30000.0,3056.5494077963194
14,131488,0.1068738124916161,30000.0,3206.214374748483
14,305303,0.040991245020502394,30000.0,1229.7373506150718
14,50017134,0.054435780334933445,30000.0,1633.0734100480033
14,162105,0.06120080787160569,30000.0,1836.0242361481708
14,163112,0.05147557728358962,30000.0,1544.2673185076885
14,50011665,0.04039011348694242,30000.0,1211.7034046082726
14,139652,0.049032536802000926,30000.0,1470.9761040600279
14,164050,0.061180524121295696,30000.0,1835.4157236388708
14,50022268,0.0922825028717855,30000.0,2768.475086153565
14,312376,0.04108922788163113,30000.0,1232.676836448934
14,308494,0.014584103284964012,30000.0,437.52309854892036
14,50015468,0.05712598845004553,30000.0,1713.7796535013658
14,50019717,0.01516171185307047,30000.0,454.8513555921141
14,50009047,0.010617250569458973,30000.0,318.5175170837692
14,312610,0.00931537798270805,30000.0,279.4613394812415
14,214065,0.008974578932888513,30000.0,269.2373679866554
14,1023,0.026196944096015563,30000.0,785.9083228804669
14,1064,0.029145177572897744,30000.0,874.3553271869323
15,319166,0.08930477262312884,8500.0,759.0905672965952
15,50016237,0.1290171563296698,8500.0,1096.6458288021934
15,312117,0.21233353101916538,8500.0,1804.8350136629058
15,319960,0.36134833850405124,8500.0,3071.4608772844354
15,306313,0.13348956056852657,8500.0,1134.6612648324758
15,50015425,0.07450664095545817,8500.0,633.3064481213944
19,50027530,0.009057452970856196,20000.0,181.14905941712394
19,50027540,0.052148298311073954,20000.0,1042.965966221479
19,308070,0.03251577153760002,20000.0,650.3154307520003
19,212080,0.031862440246653065,20000.0,637.2488049330613
19,50013962,0.014910044986605848,20000.0,298.20089973211697
19,142316,0.014799117395487149,20000.0,295.982347909743
19,3106,0.05440445170530922,20000.0,1088.0890341061845
19,319049,0.12420508289355522,20000.0,2484.1016578711046
19,50015771,0.020898580283519666,20000.0,417.97160567039333
19,214583,0.02519164420086448,20000.0,503.8328840172896
19,155290,0.07346283399765921,20000.0,1469.2566799531842
19,213460,0.03180660810733122,20000.0,636.1321621466244
19,5427,0.018696478071708687,20000.0,373.9295614341737
19,360286,0.04178484904880052,20000.0,835.6969809760103
19,312402,0.009262719736943176,20000.0,185.2543947388635
19,125903,0.02665514900659732,20000.0,533.1029801319464
19,321994,0.16296029281449753,20000.0,3259.2058562899506
19,50008881,0.10039452611710757,20000.0,2007.8905223421514
19,50019523,0.1322274023739427,20000.0,2644.548047478854
19,1116,0.015466903259807848,20000.0,309.33806519615695
19,1117,0.0072893529340794065,20000.0,145.78705868158812
20,125077,0.00563263938716373,12000.0,67.59167264596476
20,50012899,0.004516847057686232,12000.0,54.20216469223478
20,50005687,0.004702223207513066,12000.0,56.42667849015679
20,50000939,0.003494047114848999,12000.0,41.92856537818799
20,50008049,0.012694512196107613,12000.0,152.33414635329135
20,212144,0.017524153439909408,12000.0,210.2898412789129
20,136188,0.0618501977797371,12000.0,742.2023733568452
20,50017374,0.09771031785087479,12000.0,1172.5238142104974
20,50012911,0.14932429008838,12000.0,1791.89148106056
20,144104,0.08333499697116238,12000.0,1000.0199636539486
20,50022857,0.20204781457279727,12000.0,2424.5737748735673
20,50002472,0.05292628167042323,12000.0,635.1153800450787
20,50013041,0.018979758900469757,12000.0,227.75710680563708
20,2890,0.05572683257839333,12000.0,668.7219909407199
20,210688,0.0407243837949657,12000.0,488.6926055395884
20,1075,0.0393771874215714,12000.0,472.52624905885676
20,1076,0.07058188864712685,12000.0,846.9826637655221
20,1077,0.02936547152036415,12000.0,352.38565824436984
20,1078,0.013171323297256309,12000.0,158.0558795670757
20,1098,0.008756760458094039,12000.0,105.08112549712847
20,1099,0.008485186003076154,12000.0,101.82223203691385
20,1106,0.006732005626582529,12000.0,80.78406751899035
20,1107,0.003869044087111254,12000.0,46.42852904533505
20,1132,0.00415138633311752,12000.0,49.81663599741024
20,1133,0.00432044999526716,12000.0,51.84539994320592
21,50011456,0.01669163307127872,21000.0,350.52429449685314
21,50001101,0.060247993736158016,21000.0,1265.2078684593184
21,50031886,0.035557415337618345,21000.0,746.7057220899852
21,50034991,0.003367353340017688,21000.0,70.71442014037144
21,50022152,0.08044053079846245,21000.0,1689.2511467677114
21,50017267,0.05253503814664172,21000.0,1103.235801079476
21,5285,0.055437467530910396,21000.0,1164.1868181491184
21,209978,0.2999616496244849,21000.0,6299.194642114183
21,50009042,0.016310934085577253,21000.0,342.5296157971223
21,307356,0.016060970744702245,21000.0,337.28038563874713
21,162540,0.013228197371351204,21000.0,277.79214479837526
21,206935,0.03394123081599067,21000.0,712.765847135804
21,50016484,0.037546921497490955,21000.0,788.4853514473101
21,203190,0.016901691901496423,21000.0,354.93552993142487
21,139531,0.030520600452108936,21000.0,640.9326094942876
21,50016357,0.005245951348979913,21000.0,110.16497832857817
21,161796,0.031095077498644937,21000.0,652.9966274715437
21,209080,0.003485074448522594,21000.0,73.18656341897447
21,1073,0.016733112656521987,21000.0,351.39536578696175
21,1074,0.09540866714235689,21000.0,2003.5820099894947
21,1080,0.00560566806379922,21000.0,117.71902933978362
21,1081,0.046284841463555056,21000.0,971.9816707346562
21,1083,0.027391978923329348,21000.0,575.2315573899164
22,50003520,0.9523796293273487,3600.0,3428.5666655784553
22,50005351,0.04762037067265131,3600.0,171.4333344215447
23,50006852,0.012037282630861009,26000.0,312.96934840238623
23,140184,0.03015831729834318,26000.0,784.1162497569227
23,217837,0.0353866372359345,26000.0,920.052568134297
23,108722,0.10536423446599537,26000.0,2739.4700961158796
23,50019116,0.04794612974954922,26000.0,1246.5993734882798
23,50006212,0.016285560699117147,26000.0,423.4245781770458
23,214718,0.019914657238542622,26000.0,517.7810882021082
23,50018091,0.02381825300583968,26000.0,619.2745781518317
23,317159,0.02047139259048052,26000.0,532.2562073524936
23,313779,0.012533177418813643,26000.0,325.8626128891547
23,311080,0.04790008978852633,26000.0,1245.4023345016844
23,50015883,0.11095173452518198,26000.0,2884.7450976547316
23,50007486,0.035182326206088396,26000.0,914.7404813582983
23,308121,0.017575380135326175,26000.0,456.9598835184806
23,50015564,0.005762146080672229,26000.0,149.81579809747797
23,150148,0.006853797699524947,26000.0,178.1987401876486
23,1024,0.028396100850617126,26000.0,738.2986221160453
23,1025,0.028396100850617126,26000.0,738.2986221160453
23,1026,0.09679237819445215,26000.0,2516.601833055756
23,1027,0.09679237819445215,26000.0,2516.601833055756
23,1028,0.022372961607030017,26000.0,581.6970017827805
23,1029,0.04790008978852633,26000.0,1245.4023345016844
23,1030,0.055201445050362806,26000.0,1435.237571309433
23,1031,0.07600742869514533,26000.0,1976.1931460737787
25,50003803,0.1836183878620834,0.0,0.0
25,50027531,0.47858799533824126,0.0,0.0
25,167731,0.3377936167996754,0.0,0.0
26,110453,0.12952581508955108,7500.0,971.443613171633
26,50022799,0.23180802513810767,7500.0,1738.5601885358076
26,321507,0.020414961853108964,7500.0,153.11221389831724
26,50006291,0.26957636747759933,7500.0,2021.822756081995
26,213506,0.061945925551150534,7500.0,464.594441633629
26,101476,0.06389605402275318,7500.0,479.22040517064886
26,172240,0.07263595944409014,7500.0,544.769695830676
26,1137,0.07318243074345254,7500.0,548.868230575894
26,1138,0.028129994744164447,7500.0,210.97496058123335
26,1139,0.048884465936021984,7500.0,366.6334945201649
27,312025,0.0010909127179420412,21000.0,22.909167076782865
27,312025,0.0010909127179420412,21000.0,22.909167076782865
27,172245,0.001349833310653182,21000.0,28.34649952371682
27,172245,0.001349833310653182,21000.0,28.34649952371682
27,211507,0.020422214248641365,21000.0,428.8664992214687
27,211019,0.002662641036217896,21000.0,55.91546176057582
27,50011757,0.026333049270597354,21000.0,552.9940346825445
27,1809,0.003694691586404725,21000.0,77.58852331449923
27,306046,0.006174942574678317,21000.0,129.67379406824466
27,159277,0.011539064297761276,21000.0,242.3203502529868
27,50006259,0.013291430590370714,21000.0,279.12004239778497
27,50017354,0.031164398135071218,21000.0,654.4523608364956
27,50005049,0.010420320198246406,21000.0,218.82672416317453
27,50008255,0.03927399644184237,21000.0,824.7539252786897
27,50011386,0.06580334778174708,21000.0,1381.8703034166888
27,134871,0.14365813508532008,21000.0,3016.820836791722
27,329651,0.02945356819001497,21000.0,618.5249319903144
27,317079,0.018080805677898937,21000.0,379.69691923587766
27,327650,0.010571828054932512,21000.0,222.00838915358275
27,144910,0.008164365781919626,21000.0,171.45168142031216
27,50022194,0.001122272948946516,21000.0,23.56773192787684
27,169830,0.018241165961112707,21000.0,383.06448518336686
27,50002078,0.0037719247443755975,21000.0,79.21041963188755
27,312025,0.0010909127179420412,21000.0,22.909167076782865
27,312025,0.0010909127179420412,21000.0,22.909167076782865
27,50032099,0.0010799961629697533,21000.0,22.67991942236482
27,172245,0.001349833310653182,21000.0,28.34649952371682
27,172245,0.001349833310653182,21000.0,28.34649952371682
27,206380,0.029590145959395093,21000.0,621.393065147297
27,50013942,0.004101093352365216,21000.0,86.12296039966954
27,50006250,0.01659524414143248,21000.0,348.5001269700821
27,50001545,0.007412947107108682,21000.0,155.67188924928232
27,143503,0.018241165961112707,21000.0,383.06448518336686
27,1101,0.02506308945162493,21000.0,526.3248784841235
27,1102,0.022240055002001314,21000.0,467.0411550420276
27,1103,0.027435609352723628,21000.0,576.1477964071962
27,1104,0.00751383069869031,21000.0,157.7904446724965
27,1105,0.020923963324672112,21000.0,439.40322981811437
27,1108,0.008714997100641218,21000.0,183.01493911346557
27,1109,0.008176568196930767,21000.0,171.70793213554612
27,1110,0.002729552578407829,21000.0,57.32060414656441
27,1111,0.03381058014650448,21000.0,710.0221830765942
27,1112,0.058785300259345634,21000.0,1234.4913054462584
27,1113,0.058785300259345634,21000.0,1234.4913054462584
27,1114,0.14138197839773348,21000.0,2969.021546352403
27,1115,0.03381143582651408,21000.0,710.0401523567957
28,2122,0.02825551193648613,39000.0,1101.9649655229591
28,50014074,0.03719775487555246,39000.0,1450.712440146546
28,50034056,0.05339054258753385,39000.0,2082.23116091382
28,50037986,0.016007409410835664,39000.0,624.2889670225909
28,50031787,0.005306262989319063,39000.0,206.94425658344346
28,137644,0.026227465853721883,39000.0,1022.8711682951534
28,151739,0.018735400713862756,39000.0,730.6806278406475
28,150386,0.005807464377306329,39000.0,226.4911107149468
28,308738,0.005685521285065589,39000.0,221.73533011755796
28,157869,0.012895005909778339,39000.0,502.9052304813552
28,335761,0.024579400675702176,39000.0,958.5966263523849
28,50004457,0.007696374097894123,39000.0,300.1585898178708
28,114368,0.02040011221981686,39000.0,795.6043765728575
28,214796,0.02129733860840405,39000.0,830.5962057277579
28,50006439,0.021410617127162967,39000.0,835.0140679593558
28,311711,0.024374649074708647,39000.0,950.6113139136372
28,130288,0.008692965532438717,39000.0,339.02565576510995
28,130288,0.008692965532438717,39000.0,339.02565576510995
28,130288,0.008692965532438717,39000.0,339.02565576510995
28,130288,0.008692965532438717,39000.0,339.02565576510995
28,306686,0.03517639934011479,39000.0,1371.8795742644768
28,349561,0.010733085936344014,39000.0,418.59035151741654
28,208111,0.011776269203951962,39000.0,459.2744989541265
28,127434,0.03154819135050842,39000.0,1230.3794626698282
28,50006610,0.022436765021352115,39000.0,875.0338358327325
28,215050,0.04519184630843174,39000.0,1762.4820060288378
28,313083,0.05498739231825432,39000.0,2144.5083004119188
28,50017787,0.048804705077635714,39000.0,1903.383498027793
28,150043,0.004768976099597185,39000.0,185.99006788429023
28,215158,0.01620956739580735,39000.0,632.1731284364866
28,213607,0.029771849147298007,39000.0,1161.1021167446222
28,1069,0.011481694686390626,39000.0,447.7860927692344
28,1070,0.027468008269979794,39000.0,1071.252322529212
28,1071,0.02892241897772441,39000.0,1127.974340131252
28,1079,0.02012157225235327,39000.0,784.7413178417776
28,1082,0.034102338039691316,39000.0,1329.9911835479613
28,1084,0.02892241897772441,39000.0,1127.974340131252
28,1085,0.027468008269979794,39000.0,1071.252322529212
28,1091,0.019479909729655846,39000.0,759.716479456578
28,1092,0.018150077279132985,39000.0,707.8530138861864
28,1093,0.02537328632407635,39000.0,989.5581666389777
28,1094,0.017062619160127544,39000.0,665.4421472449742
28,1095,0.004384600811498173,39000.0,170.99943164842875
28,1096,0.036208053031882986,39000.0,1412.1140682434366
28,1100,0.02541125311758107,39000.0,991.0388715856618
29,173134,0.008433149946514323,48000.0,404.7911974326875
29,312276,0.010174480663368847,48000.0,488.37507184170465
29,141127,0.01082624532202945,48000.0,519.6597754574136
29,3852,0.016439405775038485,48000.0,789.0914772018473
29,337942,0.009371683267170958,48000.0,449.840796824206
29,50007604,0.010627284671595799,48000.0,510.10966423659835
29,139733,0.011455331405577808,48000.0,549.8559074677348
29,315637,0.015669813749074956,48000.0,752.1510599555979
29,140341,0.014472755942015702,48000.0,694.6922852167537
29,50016337,0.014472755942015702,48000.0,694.6922852167537
29,307384,0.014875419132260174,48000.0,714.0201183484884
29,139581,0.012913984270013792,48000.0,619.871244960662
29,50004254,0.015867754128517292,48000.0,761.65219816883
29,126707,0.02392748527672282,48000.0,1148.5192932826953
29,212229,0.03539187802375684,48000.0,1698.8101451403281
29,322777,0.04612606230205186,48000.0,2214.050990498489
29,213695,0.13393990443815004,48000.0,6429.1154130312025
29,50019696,0.013746653963319672,48000.0,659.8393902393442
29,318390,0.014638854574879932,48000.0,702.6650195942367
29,211591,0.034571063744026784,48000.0,1659.4110597132856
29,213621,0.10979874929301742,48000.0,5270.339966064836
29,50005710,0.16704768665154374,48000.0,8018.288959274099
29,319606,0.020386854948916268,48000.0,978.5690375479809
29,316252,0.020320139703072993,48000.0,975.3667057475037
29,140352,0.015816784239884436,48000.0,759.205643514453
29,320976,0.03637397215071497,48000.0,1745.9506632343187
29,312535,0.007164774277499114,48000.0,343.9091653199574
29,212518,0.006943042789438052,48000.0,333.2660538930265
29,309432,0.007963446801217536,48000.0,382.24544645844173
29,50017411,0.006938600853079294,48000.0,333.05284094780615
29,50016599,0.019420844341984704,48000.0,932.2005284152658
29,1086,0.1138831374115303,48000.0,5466.390595753454
30,50015367,0.020127371670868612,11000.0,221.40108837955472
30,162684,0.43458453014856996,11000.0,4780.429831634269
30,310691,0.023038119483527006,11000.0,253.41931431879706
30,309492,0.02840257530690518,11000.0,312.428328375957
30,320115,0.018852817234558446,11000.0,207.3809895801429
30,160580,0.013586509181019142,11000.0,149.45160099121057
30,213025,0.037635561927484705,11000.0,413.99118120233175
30,322809,0.012433064872533534,11000.0,136.76371359786887
30,311268,0.01650992782215881,11000.0,181.60920604374692
30,1032,0.14690557966992385,11000.0,1615.9613763691623
30,1033,0.11806187821514667,11000.0,1298.6806603666134
30,1034,0.129862064467304,11000.0,1428.482709140344
31,50000027,0.07389346378677145,13000.0,960.6150292280288
31,308919,0.05581699517863546,13000.0,725.620937322261
31,5724,0.10781686264639281,13000.0,1401.6192144031065
31,139667,0.06869427102186774,13000.0,893.0255232842807
31,336560,0.04136139663584988,13000.0,537.6981562660485
31,130971,0.043256846628927766,13000.0,562.3390061760609
31,211869,0.22061026968722522,13000.0,2867.933505933928
31,314525,0.02977573387412344,13000.0,387.08454036360473
31,318295,0.030769749609564814,13000.0,400.00674492434257
31,318205,0.04372473143795538,13000.0,568.4215086934199
31,50008906,0.05513982679494205,13000.0,716.8177483342466
31,325165,0.019319149032551948,13000.0,251.1489374231753
31,1020,0.056284798156135456,13000.0,731.7023760297609
31,1021,0.15353590550905666,13000.0,1995.9667716177366
32,50003926,1.0,1900.0,1900.0
34,311605,0.008942712374678398,16000.0,143.08339799485438
34,162181,0.009331530965829777,16000.0,149.30449545327642
34,321461,0.09031442892680804,16000.0,1445.0308628289285
34,325824,0.08165699680325951,16000.0,1306.5119488521523
34,50010189,0.014234054566420696,16000.0,227.74487306273113
34,6007,0.017140139142431163,16000.0,274.2422262788986
34,327321,0.037786629735987134,16000.0,604.5860757757941
34,314961,0.07680088506869466,16000.0,1228.8141610991145
34,162363,0.1643173539222958,16000.0,2629.077662756733
34,314488,0.014775886648516747,16000.0,236.41418637626796
34,150877,0.01580420202226388,16000.0,252.8672323562221
34,307799,0.01337465161281743,16000.0,213.9944258050789
34,50003893,0.011333987660364466,16000.0,181.34380256583145
34,50004592,0.1107150709646892,16000.0,1771.4411354350273
34,50034184,0.15568873043485462,16000.0,2491.019686957674
34,50007850,0.1382299894408388,16000.0,2211.679831053421
34,1150,0.011299908686988573,16000.0,180.79853899181717
34,1151,0.021040597246490954,16000.0,336.64955594385526
34,1152,0.007212243775770216,16000.0,115.39590041232346
35,50007505,0.03493739575147536,25000.0,873.4348937868839
35,50022830,0.025084848655828374,25000.0,627.1212163957093
35,308356,0.013179482548126814,25000.0,329.48706370317035
35,169926,0.09040539086920144,25000.0,2260.134771730036
35,322743,0.04160028700026997,25000.0,1040.0071750067493
35,165829,0.01864355352735501,25000.0,466.0888381838753
35,50022556,0.02156314366805956,25000.0,539.078591701489
35,302715,0.013560199448608711,25000.0,339.0049862152178
35,151474,0.009033985622129793,25000.0,225.84964055324483
35,309713,0.008530127414108815,25000.0,213.25318535272038
35,163299,0.008997509064558528,25000.0,224.93772661396318
35,50017901,0.006773394000825734,25000.0,169.33485002064336
35,141696,0.07710056075180824,25000.0,1927.514018795206
35,150856,0.04858271781206289,25000.0,1214.567945301572
35,306764,0.03511628101268246,25000.0,877.9070253170614
35,50011829,0.0029839648451052358,25000.0,74.5991211276309
35,50008202,0.0030276060683946337,25000.0,75.69015170986584
35,145143,0.04858271781206289,25000.0,1214.567945301572
35,311084,0.008753050550275223,25000.0,218.82626375688056
35,311084,0.008753050550275223,25000.0,218.82626375688056
35,311084,0.008753050550275223,25000.0,218.82626375688056
35,311084,0.008753050550275223,25000.0,218.82626375688056
35,214958,0.001703504520773225,25000.0,42.587613019330625
35,314375,0.005450162141492563,25000.0,136.25405353731406
35,50034108,0.014982034900127691,25000.0,374.5508725031923
35,137023,0.008071081775015709,25000.0,201.7770443753927
35,50017960,0.007118848950863502,25000.0,177.97122377158755
35,1140,0.0017297632957304077,25000.0,43.24408239326019
35,1141,0.002151176010017451,25000.0,53.779400250436275
35,1142,0.0027394450041983488,25000.0,68.48612510495872
35,1143,0.002799802827867402,25000.0,69.99507069668505
35,1144,0.10730784431915576,25000.0,2682.696107978894
35,1145,0.05074268289837461,25000.0,1268.5670724593651
35,1146,0.07151734473308392,25000.0,1787.933618327098
35,1147,0.08174316638350286,25000.0,2043.5791595875714
35,1148,0.0593125812276438,25000.0,1482.8145306910951
35,1149,0.002026516843686317,25000.0,50.66292109215792
35,1156,0.009784539519749882,25000.0,244.61348799374704
35,1157,0.0035072501660416444,25000.0,87.6812541510411
35,1158,0.0031272709519895277,25000.0,78.1817737997382
35,1159,0.002708048645149437,25000.0,67.70121612873592
35,1160,0.0033099187339576336,25000.0,82.74796834894084
35,1161,0.002011359604936212,25000.0,50.2839901234053
35,1162,0.002011359604936212,25000.0,50.2839901234053
35,1163,0.011428928867940663,25000.0,285.72322169851657
36,327069,0.02683337072441952,25000.0,670.834268110488
36,50007884,0.007576280798285456,25000.0,189.4070199571364
36,101224,0.0065535858517444595,25000.0,163.83964629361148
36,50000763,0.13293157385900017,25000.0,3323.2893464750045
36,215440,0.005192464635865935,25000.0,129.8116158966484
36,114183,0.0044325266134152925,25000.0,110.81316533538231
36,50016730,0.040097102594026976,25000.0,1002.4275648506743
36,50016730,0.040097102594026976,25000.0,1002.4275648506743
36,130439,0.004568644457188441,25000.0,114.21611142971102
36,130439,0.004568644457188441,25000.0,114.21611142971102
36,3090,0.004264499802585439,25000.0,106.61249506463597
36,3090,0.004264499802585439,25000.0,106.61249506463597
36,335637,0.004036683972895851,25000.0,100.91709932239627
36,335637,0.004036683972895851,25000.0,100.91709932239627
36,50002697,0.05075391473832181,25000.0,1268.8478684580452
36,110310,0.0032429349114001384,25000.0,81.07337278500346
36,50022352,0.003280169255005829,25000.0,82.00423137514572
36,218499,0.018167906806994767,25000.0,454.1976701748692
36,50012770,0.08901975460350615,25000.0,2225.493865087654
36,50022393,0.08343706855336898,25000.0,2085.9267138342243
36,50014197,0.06815609968862057,25000.0,1703.9024922155145
36,168833,0.09859409982682728,25000.0,2464.852495670682
36,50007861,0.07066015680752398,25000.0,1766.5039201880995
36,50001931,0.0044724809429310276,25000.0,111.8120235732757
36,215578,0.012220847110890562,25000.0,305.5211777722641
36,50035925,0.019111901273154125,25000.0,477.7975318288531
36,320015,0.041780975723794675,25000.0,1044.5243930948668
36,50016730,0.040097102594026976,25000.0,1002.4275648506743
36,50016730,0.040097102594026976,25000.0,1002.4275648506743
36,130439,0.004568644457188441,25000.0,114.21611142971102
36,130439,0.004568644457188441,25000.0,114.21611142971102
36,126997,0.01824858398185593,25000.0,456.21459954639823
36,50009505,0.011831910711902932,25000.0,295.7977677975733
36,3090,0.004264499802585439,25000.0,106.61249506463597
36,3090,0.004264499802585439,25000.0,106.61249506463597
36,335637,0.004036683972895851,25000.0,100.91709932239627
36,335637,0.004036683972895851,25000.0,100.91709932239627
36,50027099,0.004675682545551336,25000.0,116.89206363878341
36,1097,0.003024776459101578,25000.0,75.61941147753944
36,1155,0.003933210269730779,25000.0,98.33025674326947
37,135247,0.0028150638110796106,25000.0,70.37659527699027
37,300686,0.0033977252552285413,25000.0,84.94313138071354
37,114613,0.006519767985101679,25000.0,162.99419962754197
37,158336,0.007019850041127086,25000.0,175.49625102817717
37,216668,0.026617754551135575,25000.0,665.4438637783894
37,109221,0.024654578944653713,25000.0,616.3644736163428
37,50005267,0.009391244923991614,25000.0,234.78112309979036
37,164045,0.022694423219059696,25000.0,567.3605804764924
37,50008234,0.03781439207208226,25000.0,945.3598018020565
37,313972,0.10573636298141394,25000.0,2643.4090745353483
37,313586,0.014316220752254447,25000.0,357.90551880636116
37,214004,0.0026279054603104246,25000.0,65.69763650776062
37,123260,0.0029904317588076,25000.0,74.76079397019001
37,50038086,0.003046859505882586,25000.0,76.17148764706465
37,50011662,0.0033551576495596913,25000.0,83.87894123899228
37,128155,0.0038023133164497556,25000.0,95.05783291124389
37,50015344,0.08148453212007613,25000.0,2037.1133030019032
37,50015344,0.08148453212007613,25000.0,2037.1133030019032
37,50008314,0.07716948014867613,25000.0,1929.2370037169032
37,50008314,0.07716948014867613,25000.0,1929.2370037169032
37,50002618,0.003510223795101325,25000.0,87.75559487753313
37,319831,0.003391266776959556,25000.0,84.7816694239889
37,142678,0.003777576720334189,25000.0,94.43941800835472
37,142678,0.003777576720334189,25000.0,94.43941800835472
37,142678,0.003777576720334189,25000.0,94.43941800835472
37,142678,0.003777576720334189,25000.0,94.43941800835472
37,50008314,0.07716948014867613,25000.0,1929.2370037169032
37,50008314,0.07716948014867613,25000.0,1929.2370037169032
37,50015344,0.08148453212007613,25000.0,2037.1133030019032
37,50015344,0.08148453212007613,25000.0,2037.1133030019032
37,1061,0.004778499161611078,25000.0,119.46247904027695
37,1062,0.007670614376357746,25000.0,191.76535940894365
37,1063,0.0188046948708001,25000.0,470.1173717700025
37,1068,0.003121334309184764,25000.0,78.0333577296191
37,1087,0.005721649278343541,25000.0,143.04123195858853
37,1088,0.0188046948708001,25000.0,470.1173717700025
37,1089,0.007670614376357746,25000.0,191.76535940894365
38,316998,0.07559487663181913,9500.0,718.1513280022817
38,311516,0.02897230657372334,9500.0,275.23691245037173
38,50000309,0.2209950119225522,9500.0,2099.452613264246
38,319479,0.025309296008922948,9500.0,240.438312084768
38,165913,0.027555037507517383,9500.0,261.77285632141513
38,307802,0.11084364335627109,9500.0,1053.0146118845753
38,50019334,0.1342388981073099,9500.0,1275.2695320194441
38,162553,0.041058345581993574,9500.0,390.054283028939
38,50013264,0.036468571174738076,9500.0,346.45142616001175
38,312428,0.05567621470946505,9500.0,528.9240397399179
38,139037,0.0318666904575262,9500.0,302.7335593464989
38,1038,0.10915123647614787,9500.0,1036.9367465234047
38,1040,0.07198542605515462,9500.0,683.861547523969
38,1041,0.030284445436858567,9500.0,287.70223165015636
39,162433,0.048903188321300875,26000.0,1271.4828963538228
39,50035892,0.014955878268497376,26000.0,388.8528349809318
39,50013069,0.0318993874215735,26000.0,829.384072960911
39,164005,0.03375917411286686,26000.0,877.7385269345383
39,160547,0.01804946177470258,26000.0,469.28600614226707
39,50013987,0.08559307390144782,26000.0,2225.4199214376436
39,2055,0.05570512960405774,26000.0,1448.3333697055014
39,157715,0.1192924504384654,26000.0,3101.6037114001
39,206909,0.030148569788943223,26000.0,783.8628145125238
39,50016466,0.02080361256672938,26000.0,540.8939267349639
39,50006913,0.01611582732523725,26000.0,419.0115104561685
39,214816,0.01951873615625431,26000.0,507.48714006261207
39,50022975,0.0169328158314842,26000.0,440.25321161858926
39,50008878,0.019799136119589573,26000.0,514.7775391093289
39,305662,0.02244223268340465,26000.0,583.4980497685209
39,322499,0.024631376851091142,26000.0,640.4157981283697
39,310122,0.028497951765125717,26000.0,740.9467458932686
39,50016121,0.04050732491159341,26000.0,1053.1904477014286
39,1018,0.18289706507366413,26000.0,4755.323691915268
39,1019,0.03465711400958522,26000.0,901.0849642492157
39,1036,0.09515596288398241,26000.0,2474.0550349835426
39,1037,0.039734530190403204,26000.0,1033.0977849504834
40,310169,0.06911463964081607,5000.0,345.57319820408037
40,162837,0.06862513768389183,5000.0,343.12568841945915
40,137621,0.12978890073207358,5000.0,648.9445036603679
40,50017284,0.09226937707180599,5000.0,461.34688535902995
40,165263,0.058224732639821176,5000.0,291.12366319910586
40,156999,0.10579035860838532,5000.0,528.9517930419265
40,156977,0.08812417655287141,5000.0,440.6208827643571
40,308179,0.07256131723539344,5000.0,362.8065861769672
40,1008,0.03352094412835613,5000.0,167.60472064178063
40,1009,0.04406500970708656,5000.0,220.32504853543279
40,1010,0.23791540599949856,5000.0,1189.577029997493
41,5074,0.07670845132438522,10000.0,767.0845132438523
41,50022127,0.18174779268713517,10000.0,1817.4779268713517
41,139490,0.008686680921757213,10000.0,86.86680921757213
41,50017560,0.01602114575536698,10000.0,160.21145755366982
41,323326,0.01837394037136387,10000.0,183.7394037136387
41,161324,0.02356416165926353,10000.0,235.6416165926353
41,150554,0.024949431765891684,10000.0,249.49431765891686
41,364170,0.0758310798562219,10000.0,758.3107985622189
41,50015247,0.11169494515046705,10000.0,1116.9494515046704
41,1184,0.24270030356543382,10000.0,2427.003035654338
41,1185,0.07255687154048879,10000.0,725.5687154048878
41,1186,0.14716519540222478,10000.0,1471.6519540222478
42,50012731,0.018740586049712144,37000.0,693.4016838393493
42,50013770,0.016940370153956677,37000.0,626.7936956963971
42,158835,0.017325682416987436,37000.0,641.0502494285352
42,5927,0.00789197296716921,37000.0,292.0029997852608
42,205001,0.022155388916556298,37000.0,819.7493899125831
42,50017220,0.002879334425855356,37000.0,106.53537375664817
42,312212,0.006505353214086538,37000.0,240.6980689212019
42,305933,0.0016559554846840084,37000.0,61.27035293330831
42,139563,0.001698138688475646,37000.0,62.8311314735989
42,6071,0.01197858406333967,37000.0,443.2076103435678
42,213810,0.014941115048443296,37000.0,552.821256792402
42,213591,0.0020607365184763197,37000.0,76.24725118362383
42,217460,0.003879955382405825,37000.0,143.55834914901553
42,315869,0.0037191004155743518,37000.0,137.606715376251
42,319945,0.009457682146498019,37000.0,349.9342394204267
42,202826,0.008837504225624812,37000.0,326.98765634811804
42,307082,0.3702180330450161,37000.0,13698.067222665595
42,50005846,0.022233455054006937,37000.0,822.6378369982567
42,50014180,0.005594285632019094,37000.0,206.9885683847065
42,147976,0.006128033959925555,37000.0,226.73725651724553
42,157598,0.042321127081329735,37000.0,1565.8817020092001
42,50019260,0.04931885126729496,37000.0,1824.7974968899136
42,1283,0.0332221788981068,37000.0,1229.2206192299516
42,50005059,0.00849145789980717,37000.0,314.1839422928653
42,50013432,0.0542258015101084,37000.0,2006.3546558740106
42,216293,0.016633803418676332,37000.0,615.4507264910243
42,50001411,0.02467317181014664,37000.0,912.9073569754257
42,50031275,0.01660771640293729,37000.0,614.4855069086797
42,50003019,0.007484532280927171,37000.0,276.9276943943053
42,1153,0.03018069956963707,37000.0,1116.6858840765715
42,1154,0.03486637267194897,37000.0,1290.0557888621117
42,1164,0.012545256787995267,37000.0,464.1745011558249
42,1174,0.003238884760644617,37000.0,119.83873614385084
42,1175,0.0025818638584026326,37000.0,95.5289627608974
42,1176,0.0025818638584026326,37000.0,95.5289627608974
42,1177,0.004407695581301285,37000.0,163.08473650814756
42,1178,0.011781424119026176,37000.0,435.91269240396855
42,1179,0.07062246243888594,37000.0,2613.0311102387795
42,1180,0.006480999274190743,37000.0,239.7969731450575
42,1181,0.005183462599799801,37000.0,191.78811619259264
42,1182,0.002328225944370966,37000.0,86.14435994172575
42,1183,0.005380880157246075,37000.0,199.09256581810476
43,209621,0.006469268765380072,25000.0,161.7317191345018
43,50007108,0.0030072619662774433,25000.0,75.18154915693609
43,314947,0.005559970550072731,25000.0,138.9992637518183
43,50014582,0.008252026211260987,25000.0,206.30065528152468
43,218396,0.02675573753324815,25000.0,668.8934383312037
43,50007243,0.025459307911126276,25000.0,636.4826977781569
43,50007243,0.025459307911126276,25000.0,636.4826977781569
43,144597,0.05124236775212826,25000.0,1281.0591938032064
43,159616,0.09704494928837805,25000.0,2426.123732209451
43,50006544,0.10511359513917146,25000.0,2627.839878479286
43,50014990,0.10975305203611707,25000.0,2743.826300902927
43,102332,0.03674864505393523,25000.0,918.7161263483807
43,50019620,0.04205442985730092,25000.0,1051.360746432523
43,304381,0.05958374420533122,25000.0,1489.5936051332806
43,50007243,0.025459307911126276,25000.0,636.4826977781569
43,50007243,0.025459307911126276,25000.0,636.4826977781569
43,215971,0.028802962838279284,25000.0,720.0740709569822
43,157827,0.01841128656426687,25000.0,460.2821641066717
43,208335,0.013726791387307334,25000.0,343.16978468268337
43,208335,0.013726791387307334,25000.0,343.16978468268337
43,140119,0.010320290986011655,25000.0,258.0072746502914
43,140119,0.010320290986011655,25000.0,258.0072746502914
43,127171,0.01687160119303059,25000.0,421.7900298257648
43,309655,0.014391885090067877,25000.0,359.7971272516969
43,321022,0.011486351072425913,25000.0,287.15877681064785
43,50003801,0.010589328788784765,25000.0,264.7332197196191
43,140527,0.010879046910732082,25000.0,271.97617276830204
43,217423,0.03522623212104545,25000.0,880.6558030261361
43,141797,0.00899981772463371,25000.0,224.99544311584273
43,202530,0.03195329072379372,25000.0,798.832268094843
43,140119,0.010320290986011655,25000.0,258.0072746502914
43,140119,0.010320290986011655,25000.0,258.0072746502914
43,208335,0.013726791387307334,25000.0,343.16978468268337
43,208335,0.013726791387307334,25000.0,343.16978468268337
43,314956,0.009083298285876435,25000.0,227.08245714691088
43,141272,0.011879173448721539,25000.0,296.9793362180385
43,123498,0.015043805457310055,25000.0,376.09513643275136
43,308981,0.003953274147563562,25000.0,98.83185368908904
43,110564,0.004189036080332825,25000.0,104.72590200832062
43,317467,0.006967735133767927,25000.0,174.19337834419818
43,1165,0.006168376317930487,25000.0,154.20940794826217
43,1166,0.005492888605054204,25000.0,137.3222151263551
44,350046,0.015105016711157864,85000.0,1283.9264204484184
44,2454,0.01409625421183131,85000.0,1198.1816080056615
44,50007483,0.013546880051106111,85000.0,1151.4848043440195
44,50013391,0.008269298989186739,85000.0,702.8904140808728
44,141500,0.0050059887996776724,85000.0,425.50904797260216
44,50022479,0.005664021578039538,85000.0,481.4418341333607
44,50014102,0.0058817252752650885,85000.0,499.9466483975325
44,158526,0.006910395826540152,85000.0,587.3836452559129
44,332239,0.003380894767708372,85000.0,287.3760552552116
44,141130,0.005775926383727645,85000.0,490.9537426168498
44,125938,0.003624243862741753,85000.0,308.06072833304904
44,159387,0.004833807670876276,85000.0,410.8736520244835
44,306519,0.004977429870974765,85000.0,423.081539032855
44,163662,0.005725351837565997,85000.0,486.6549061931097
44,162057,0.007724874658950057,85000.0,656.6143460107548
44,309168,0.02176467997717825,85000.0,1849.9977980601514
44,124813,0.062426896497349664,85000.0,5306.286202274721
44,159164,0.00380782766695858,85000.0,323.6653516914793
44,208296,0.005550286318828482,85000.0,471.77433710042095
44,50022919,0.004061477361691664,85000.0,345.2255757437914
44,159923,0.0034589761801928154,85000.0,294.0129753163893
44,124049,0.0034589761801928154,85000.0,294.0129753163893
44,306446,0.0038979530079381293,85000.0,331.326005674741
44,111541,0.05597759286585885,85000.0,4758.095393598002
44,159614,0.026409890193377108,85000.0,2244.840666437054
44,50015381,0.015839848997809682,85000.0,1346.387164813823
44,50006036,0.014263602448546027,85000.0,1212.4062081264124
44,320592,0.02057009829431478,85000.0,1748.4583550167563
44,50006952,0.013605425212617234,85000.0,1156.461143072465
44,50014963,0.003962126228914608,85000.0,336.78072945774164
44,160311,0.0047131616948997215,85000.0,400.6187440664763
44,303212,0.006524847636049152,85000.0,554.6120490641779
44,206949,0.008673892621201327,85000.0,737.2808728021129
44,169877,0.010125527275446097,85000.0,860.6698184129183
44,50008920,0.025925634070273804,85000.0,2203.6788959732735
44,172437,0.02878277824777364,85000.0,2446.5361510607595
44,102778,0.006241245148187386,85000.0,530.5058375959278
44,308003,0.17248505289044566,85000.0,14661.229495687881
44,112934,0.09194355942814299,85000.0,7815.2025513921535
44,50017741,0.0036219346917990294,85000.0,307.8644488029175
44,161731,0.003624732655645961,85000.0,308.1022757299067
44,169598,0.006749146641458413,85000.0,573.6774645239651
44,101756,0.006144011782062233,85000.0,522.2410014752899
44,211005,0.003085615652824259,85000.0,262.277330490062
44,168525,0.00308507205174108,85000.0,262.23112439799183
44,213026,0.009754130652876213,85000.0,829.1011054944781
44,312293,0.004220504246456051,85000.0,358.7428609487643
44,50013068,0.004229799034830625,85000.0,359.53291796060313
44,149433,0.003892992154870772,85000.0,330.9043331640156
44,50016618,0.0034952159047002013,85000.0,297.09335189951713
44,2182,0.0028911003564281407,85000.0,245.74353029639195
44,157767,0.002796594631041953,85000.0,237.710543638566
44,212542,0.003041863230116129,85000.0,258.55837455987097
44,141151,0.0028563033876626183,85000.0,242.78578795132256
44,307325,0.0031540692677364604,85000.0,268.09588775759914
44,313139,0.003774304243350772,85000.0,320.8158606848156
44,50015132,0.003590955554615517,85000.0,305.2312221423189
44,50015722,0.009133690600711383,85000.0,776.3637010604676
44,123745,0.010098144268212301,85000.0,858.3422627980456
44,140070,0.026289399201605543,85000.0,2234.598932136471
44,996,0.02810319031127568,85000.0,2388.771176458433
44,50006347,0.046746557170387615,85000.0,3973.457359482947
44,308958,0.05412360174129218,85000.0,4600.506148009836
44,1055,0.0028707042953624567,85000.0,244.0098651058088
44,1059,0.0131662644845636,85000.0,1119.132481187906
44,1060,0.010466634846835068,85000.0,889.6639619809807
45,50034737,0.0034090095314568193,46000.0,156.81443844701369
45,311410,0.008464732884910772,46000.0,389.37771270589553
45,316508,0.005269351906432591,46000.0,242.39018769589916
45,112685,0.004692952984330586,46000.0,215.87583727920696
45,5428,0.00679953036782402,46000.0,312.77839691990494
45,315660,0.02719578756976761,46000.0,1251.0062282093102
45,157910,0.03987983291372358,46000.0,1834.4723140312847
45,212274,0.022600564098804423,46000.0,1039.6259485450034
45,50005499,0.0071937829141412645,46000.0,330.91401405049817
45,156711,0.015950997210901752,46000.0,733.7458717014806
45,141401,0.029678984524537228,46000.0,1365.2332881287125
45,50010084,0.019453590590412802,46000.0,894.8651671589889
45,306743,0.01405821679381551,46000.0,646.6779725155135
45,110623,0.0034741706125561204,46000.0,159.81184817758154
45,323098,0.0032327468036100933,46000.0,148.7063529660643
45,323036,0.030461049747848617,46000.0,1401.2082884010363
45,50010060,0.03139716935516118,46000.0,1444.2697903374144
45,50006771,0.07128622587007254,46000.0,3279.1663900233366
45,155932,0.0499266815427896,46000.0,2296.6273509683215
45,142568,0.1278591548081722,46000.0,5881.5211211759215
45,308100,0.011790061200430881,46000.0,542.3428152198205
45,312473,0.04122368640978394,46000.0,1896.2895748500612
45,157770,0.03433079048313292,46000.0,1579.2163622241144
45,142912,0.01952987692054716,46000.0,898.3743383451693
45,310094,0.010334473466275937,46000.0,475.3857794486931
45,206097,0.008752637540813688,46000.0,402.6213268774296
45,137176,0.013844412288059181,46000.0,636.8429652507223
45,321194,0.023506713113502324,46000.0,1081.308803221107
45,151691,0.010401898211481056,46000.0,478.4873177281286
45,150701,0.010141504474720375,46000.0,466.50920583713724
45,111059,0.007906415092133964,46000.0,363.6950942381623
45,164697,0.015358806824725171,46000.0,706.5051139373579
45,310657,0.015008528830593058,46000.0,690.3923262072807
45,144560,0.047358399434797346,46000.0,2178.486374000678
45,113174,0.02684183791099177,46000.0,1234.7245439056214
45,50017063,0.010504156441180263,46000.0,483.1911962942921
45,1042,0.03742802213835407,46000.0,1721.6890183642872
45,1043,0.027490133924549777,46000.0,1264.5461605292896
45,1045,0.02395192820098056,46000.0,1101.7886972451058
45,1046,0.023253965699830514,46000.0,1069.6824221922036
45,1050,0.00674734982112521,46000.0,310.37809177175967
45,1051,0.006765016107999791,46000.0,311.1907409679904
45,1052,0.009972310608048537,46000.0,458.7262879702327
45,1056,0.002845223308199066,46000.0,130.88027217715705
45,1057,0.014519021202051341,46000.0,667.8749752943617
45,1058,0.017908297314422943,46000.0,823.7816764634554
46,212451,0.03559323524203725,38000.0,1352.5429391974155
46,210282,0.016984245462075158,38000.0,645.401327558856
46,214434,0.016065595036579887,38000.0,610.4926113900357
46,209718,0.02519224556137388,38000.0,957.3053313322074
46,342331,0.034351344640265236,38000.0,1305.351096330079
46,209176,0.0335870167747349,38000.0,1276.3066374399261
46,50022075,0.032550805585104675,38000.0,1236.9306122339776
46,306922,0.028107528321754872,38000.0,1068.0860762266852
46,164179,0.05284301915270708,38000.0,2008.0347278028692
46,302095,0.044117268242410496,38000.0,1676.456193211599
46,121352,0.037328326041690306,38000.0,1418.4763895842316
46,151875,0.0672819841268943,38000.0,2556.7153968219836
46,50022339,0.054151676504740835,38000.0,2057.763707180152
46,50005904,0.06033000430059005,38000.0,2292.540163422422
46,50006393,0.030721033962248043,38000.0,1167.3992905654256
46,317464,0.052324573740511415,38000.0,1988.3338021394338
46,50035105,0.06312729226943846,38000.0,2398.8371062386614
46,306930,0.0925258989051218,38000.0,3515.9841583946286
46,112891,0.01965393160177159,38000.0,746.8494008673205
46,326637,0.017363307395404804,38000.0,659.8056810253826
46,50002867,0.01912468718389715,38000.0,726.7381129880916
46,165658,0.06239669598613434,38000.0,2371.074447473105
46,50013587,0.052066383719013155,38000.0,1978.5225813225
46,1016,0.012902690150102956,38000.0,490.3022257039123
46,1017,0.011540927046808187,38000.0,438.5552277787111
46,1044,0.02776828304658946,38000.0,1055.1947557703995
47,317624,0.010335808272458509,7000.0,72.35065790720957
47,326073,0.014834707071107586,7000.0,103.8429494977531
47,310391,0.012050936043876796,7000.0,84.35655230713758
47,214131,0.017577933131979875,7000.0,123.04553192385913
47,319050,0.014747121388289585,7000.0,103.2298497180271
47,50034918,0.025605749234553044,7000.0,179.2402446418713
47,164023,0.5380884494705267,7000.0,3766.6191462936868
47,103929,0.09336739801736749,7000.0,653.5717861215724
47,50007090,0.013284941101156508,7000.0,92.99458770809555
47,123078,0.06316115190318704,7000.0,442.1280633223093
47,50006425,0.01397621419773224,7000.0,97.83349938412567
47,1011,0.14208918519348224,7000.0,994.6242963543757
47,1012,0.04088040497428219,7000.0,286.16283481997533
48,324782,0.05794212253395954,9000.0,521.4791028056359
48,137365,0.11180581022287454,9000.0,1006.2522920058709
48,142978,0.08048250109878785,9000.0,724.3425098890907
48,50015985,0.11008177906586826,9000.0,990.7360115928143
48,308364,0.09024318140586352,9000.0,812.1886326527716
48,137674,0.06395686555740968,9000.0,575.6117900166871
48,214779,0.1215075482982527,9000.0,1093.5679346842742
48,331720,0.09958146334121912,9000.0,896.233170070972
48,127374,0.13528154085779195,9000.0,1217.5338677201275
48,301416,0.07773376887941277,9000.0,699.603919914715
48,50027095,0.036606886566659495,9000.0,329.46197909993543
48,50001712,0.014776532171900471,9000.0,132.98878954710423
49,50016277,0.004261814890633674,36000.0,153.42533606281225
49,207218,0.010874043585211449,36000.0,391.46556906761214
49,3849,0.021562549292402224,36000.0,776.2517745264801
49,150729,0.027963135874149413,36000.0,1006.6728914693789
49,308260,0.008433826297667714,36000.0,303.6177467160377
49,170609,0.010402749503150888,36000.0,374.49898211343196
49,308296,0.012632259194119843,36000.0,454.76133098831434
49,308296,0.012632259194119843,36000.0,454.76133098831434
49,211593,0.011214523504433608,36000.0,403.7228461596099
49,308296,0.012632259194119843,36000.0,454.76133098831434
49,308296,0.012632259194119843,36000.0,454.76133098831434
49,50016142,0.01178885821440248,36000.0,424.39889571848926
49,151814,0.016220611388401005,36000.0,583.9420099824362
49,308309,0.020222940922846894,36000.0,728.0258732224881
49,50008206,0.04335742416654205,36000.0,1560.8672699955139
49,125738,0.1740723826824994,36000.0,6266.605776569978
49,160054,0.2717758402585515,36000.0,9783.930249307854
49,50005090,0.005933505182508107,36000.0,213.60618657029187
49,132759,0.009370725364683223,36000.0,337.346113128596
49,211201,0.0093485043975578,36000.0,336.54615831208076
49,157562,0.010450674935126886,36000.0,376.22429766456787
49,211055,0.03572173443097787,36000.0,1285.9824395152034
49,211508,0.07704162543530042,36000.0,2773.4985156708153
49,103125,0.010896832605144482,36000.0,392.28597378520135
49,50018097,0.008707113928256974,36000.0,313.45610141725103
49,50016375,0.0054156947638977935,36000.0,194.96501150032057
49,211709,0.005802471371027346,36000.0,208.88896935698446
49,202312,0.00905874683073591,36000.0,326.11488590649276
49,134717,0.017166119826758513,36000.0,617.9803137633064
49,214183,0.02559669485470796,36000.0,921.4810147694866
49,312425,0.048912452428382484,36000.0,1760.8482874217693
49,173129,0.012391877168392667,36000.0,446.107578062136
49,322864,0.012168798631357593,36000.0,438.0767507288733
49,1199,0.013336690487812306,36000.0,480.12085756124304
50,111208,0.024074902565200826,28000.0,674.0972718256231
50,162886,0.006711771642982351,28000.0,187.92960600350582
50,50019608,0.01623181707746305,28000.0,454.49087816896537
50,323085,0.023700710414956083,28000.0,663.6198916187703
50,124885,0.05523201285655975,28000.0,1546.496359983673
50,164144,0.04415797520397612,28000.0,1236.4233057113315
50,311985,0.010596353253003827,28000.0,296.69789108410714
50,340344,0.12045152444238189,28000.0,3372.642684386693
50,307096,0.11410101742052448,28000.0,3194.8284877746855
50,327619,0.027314201151761943,28000.0,764.7976322493344
50,322154,0.055665532347520114,28000.0,1558.634905730563
50,50002241,0.07367502106153019,28000.0,2062.9005897228453
50,50001022,0.008057536271495132,28000.0,225.6110156018637
50,308215,0.005826001246150022,28000.0,163.12803489220062
50,3892,0.008128737139952632,28000.0,227.60463991867368
50,1187,0.03256286865987746,28000.0,911.7603224765688
50,1188,0.057858238427822,28000.0,1620.030675979016
50,1189,0.3156537788168422,28000.0,8838.305806871582
51,50002962,0.10399796594520942,9000.0,935.9816935068848
51,306539,0.13640596593631327,9000.0,1227.6536934268195
51,50003086,0.013817741070653188,9000.0,124.35966963587869
51,50035050,0.013872788051901619,9000.0,124.85509246711457
51,1167,0.05509110551249471,9000.0,495.8199496124524
51,1168,0.06310400278985104,9000.0,567.9360251086594
51,1169,0.07023561255275122,9000.0,632.120512974761
51,1170,0.07023561255275122,9000.0,632.120512974761
51,1171,0.022562337192058725,9000.0,203.0610347285285
51,1172,0.02609278149976761,9000.0,234.8350334979085
51,1173,0.03771301527461081,9000.0,339.41713747149726
51,1190,0.31505130395574815,9000.0,2835.4617356017334
51,1191,0.034381317375390234,9000.0,309.4318563785121
51,1192,0.02605313052104591,9000.0,234.47817468941318
51,1193,0.011385319769453088,9000.0,102.46787792507779
52,308733,0.013803581528712664,18000.0,248.46446751682797
52,50005386,0.06677967117909775,18000.0,1202.0340812237596
52,323014,0.08476357906812429,18000.0,1525.7444232262371
52,215599,0.025641928598953995,18000.0,461.5547147811719
52,160807,0.14546924015667875,18000.0,2618.4463228202176
52,163510,0.16325594267424606,18000.0,2938.6069681364293
52,50006280,0.0623277316639948,18000.0,1121.8991699519065
52,315195,0.01661922769054978,18000.0,299.146098429896
52,162108,0.12364307977969057,18000.0,2225.5754360344304
52,320500,0.14187286964615636,18000.0,2553.7116536308145
52,144894,0.02989202866315351,18000.0,538.0565159367632
52,209189,0.03186014965757732,18000.0,573.4826938363918
52,218320,0.0562139040495016,18000.0,1011.8502728910288
52,50014731,0.03785706564356258,18000.0,681.4271815841264
53,162151,0.004368828063663286,45000.0,196.5972628648479
53,306178,0.0047583544728188225,45000.0,214.12595127684702
53,363859,0.0051238072537192906,45000.0,230.57132641736808
53,160805,0.013168550866427766,45000.0,592.5847889892494
53,217229,0.007471822070694345,45000.0,336.2319931812455
53,317394,0.005180722441253204,45000.0,233.13250985639417
53,50027102,0.011757323416623694,45000.0,529.0795537480662
53,50009353,0.021428396295437194,45000.0,964.2778332946738
53,50017222,0.016851457605950606,45000.0,758.3155922677772
53,311273,0.016538140542350983,45000.0,744.2163244057942
53,50007038,0.012974952432551052,45000.0,583.8728594647973
53,50019221,0.008581251703723626,45000.0,386.1563266675632
53,163597,0.004970552016839718,45000.0,223.67484075778728
53,207969,0.0050058435116756205,45000.0,225.26295802540292
53,50013422,0.03228237524338476,45000.0,1452.7068859523142
53,50013422,0.03228237524338476,45000.0,1452.7068859523142
53,50013422,0.034658603426375785,45000.0,1559.6371541869103
53,50013422,0.034658603426375785,45000.0,1559.6371541869103
53,316453,0.055477778113323634,45000.0,2496.5000150995634
53,210485,0.03975997425851142,45000.0,1789.1988416330137
53,311572,0.026966826957134926,45000.0,1213.5072130710716
53,50012866,0.01875001282975715,45000.0,843.7505773390717
53,161349,0.01568080972065661,45000.0,705.6364374295475
53,161349,0.01568080972065661,45000.0,705.6364374295475
53,127390,0.013960474362430125,45000.0,628.2213463093556
53,306761,0.03393153351306746,45000.0,1526.9190080880358
53,50015544,0.03393153351306746,45000.0,1526.9190080880358
53,309346,0.019703736197781225,45000.0,886.6681289001551
53,212022,0.017215938116875322,45000.0,774.7172152593895
53,307327,0.014292920805618935,45000.0,643.1814362528521
53,311374,0.011564755918471272,45000.0,520.4140163312072
53,161349,0.01568080972065661,45000.0,705.6364374295475
53,161349,0.01568080972065661,45000.0,705.6364374295475
53,211003,0.024103688140994357,45000.0,1084.665966344746
53,50015044,0.01991825160900699,45000.0,896.3213224053145
53,50011632,0.020747496764336952,45000.0,933.6373543951628
53,127750,0.0607026787822715,45000.0,2731.6205452022177
53,50016159,0.07121782401936678,45000.0,3204.8020808715055
53,209219,0.061689990971391426,45000.0,2776.0495937126143
53,3196,0.01425965929850896,45000.0,641.6846684329032
53,147663,0.02879037247518059,45000.0,1295.5667613831265
53,212422,0.014483394533353029,45000.0,651.7527540008863
53,50007531,0.01473947383553142,45000.0,663.2763225989139
53,215390,0.012896358819599415,45000.0,580.3361468819736
53,308828,0.007193011057049993,45000.0,323.6854975672497
53,50007876,0.006413979422951314,45000.0,288.6290740328091
53,1053,0.014040160606603106,45000.0,631.8072272971398
53,1054,0.008462976161938423,45000.0,380.8339272872291
54,308375,0.03816316694186065,26000.0,992.242340488377
54,213012,0.04329574329548889,26000.0,1125.6893256827111
54,50014330,0.05218952273777105,26000.0,1356.9275911820473
54,324796,0.06784984703732758,26000.0,1764.096022970517
54,305535,0.06861875942867007,26000.0,1784.0877451454219
54,312789,0.094907726458828,26000.0,2467.600887929528
54,153612,0.05561884303473975,26000.0,1446.0899189032334
54,50015868,0.05931931140057134,26000.0,1542.3020964148548
54,159145,0.10867775420827787,26000.0,2825.6216094152246
54,162237,0.04848876144120164,26000.0,1260.7077974712427
54,209125,0.0459740135109332,26000.0,1195.3243512842632
54,307131,0.03909004733684247,26000.0,1016.3412307579043
54,50035283,0.025901230652666942,26000.0,673.4319969693405
54,164235,0.04619218553386196,26000.0,1200.9968238804108
54,308651,0.022288611396107546,26000.0,579.5038962987962
54,50031674,0.021590235089135774,26000.0,561.3461123175301
54,210964,0.06784984703732758,26000.0,1764.096022970517
54,1047,0.09398439345838774,26000.0,2443.5942299180815
55,307362,0.06966213958305809,10000.0,696.6213958305808
55,50019822,0.021497351512385222,10000.0,214.97351512385222
55,162912,0.03226056794144539,10000.0,322.6056794144539
55,213487,0.0330948744690974,10000.0,330.948744690974
55,218531,0.13733183164862597,10000.0,1373.3183164862598
55,318084,0.05542877346755173,10000.0,554.2877346755173
55,323509,0.08213279258132923,10000.0,821.3279258132923
55,168994,0.19713927805387776,10000.0,1971.3927805387777
55,145235,0.03673114239678749,10000.0,367.31142396787493
55,50015385,0.0608535093164491,10000.0,608.5350931644911
55,50015385,0.0608535093164491,10000.0,608.5350931644911
55,151376,0.023827406828588128,10000.0,238.27406828588127
55,3958,0.033011629040317146,10000.0,330.11629040317143
55,50010338,0.034468175211140026,10000.0,344.6817521114003
55,50015385,0.0608535093164491,10000.0,608.5350931644911
55,50015385,0.0608535093164491,10000.0,608.5350931644911
56,314626,0.03067537044000006,12000.0,368.10444528000073
56,168523,0.039356157950004744,12000.0,472.2738954000569
56,326835,0.05827229839107901,12000.0,699.2675806929481
56,141025,0.07691068238306632,12000.0,922.9281885967958
56,141910,0.0915349410281356,12000.0,1098.4192923376272
56,307996,0.08251210884927804,12000.0,990.1453061913364
56,310086,0.06903587307893808,12000.0,828.4304769472569
56,312340,0.05033347773676741,12000.0,604.001732841209
56,319966,0.05979591036876373,12000.0,717.5509244251648
56,203076,0.07700369344779173,12000.0,924.0443213735008
56,1005,0.06385175884200814,12000.0,766.2211061040977
56,1006,0.3007177274841669,12000.0,3608.612729810003
57,310983,0.011175805814491091,14000.0,156.46128140287527
57,310983,0.011175805814491091,14000.0,156.46128140287527
57,5719,0.01683960963828279,14000.0,235.75453493595904
57,157560,0.04119634682431306,14000.0,576.7488555403828
57,50007996,0.025282880781935975,14000.0,353.96033094710367
57,50009382,0.08030479300212938,14000.0,1124.2671020298112
57,143340,0.10371526862008965,14000.0,1452.013760681255
57,310983,0.011175805814491091,14000.0,156.46128140287527
57,310983,0.011175805814491091,14000.0,156.46128140287527
57,171863,0.020482643450434584,14000.0,286.7570083060842
57,50005901,0.014871525368629093,14000.0,208.20135516080728
57,318076,0.008431029384551161,14000.0,118.03441138371626
57,50001625,0.06990201953710178,14000.0,978.6282735194249
57,311591,0.009346847555585248,14000.0,130.85586577819348
57,105020,0.0822356187181221,14000.0,1151.2986620537094
57,302926,0.009297625408995834,14000.0,130.16675572594167
57,309320,0.012112585751695335,14000.0,169.57620052373468
57,314888,0.010877766101950676,14000.0,152.28872542730946
57,50010294,0.10992918292149707,14000.0,1539.008560900959
57,1200,0.16808318905796055,14000.0,2353.1646468114477
57,1201,0.08905479233331179,14000.0,1246.767092666365
57,1202,0.05268281335228054,14000.0,737.5593869319275
57,1205,0.030650238933169132,14000.0,429.10334506436783
58,213578,0.012336634700378159,29000.0,357.76240631096664
58,208642,0.012840865176944221,29000.0,372.3850901313824
58,5426,0.0025139671464484183,29000.0,72.90504724700413
58,50032032,0.012111114640228189,29000.0,351.2223245666175
58,327229,0.034047409859784786,29000.0,987.3748859337588
58,325414,0.002774708476256612,29000.0,80.46654581144175
58,50008666,0.004079718127360388,29000.0,118.31182569345125
58,312626,0.03148671764340858,29000.0,913.1148116588488
58,164078,0.03641651937810277,29000.0,1056.0790619649804
58,213822,0.09414570971431753,29000.0,2730.225581715208
58,213822,0.09414570971431753,29000.0,2730.225581715208
58,50016554,0.033572125414631275,29000.0,973.5916370243069
58,206678,0.020043284359560577,29000.0,581.2552464272568
58,208163,0.022035679223254608,29000.0,639.0346974743836
58,50007203,0.0250277557413164,29000.0,725.8049164981755
58,155751,0.022735653135683234,29000.0,659.3339409348138
58,304427,0.11629520497178562,29000.0,3372.5609441817833
58,315568,0.08547551442563514,29000.0,2478.7899183434192
58,151807,0.07903835301762613,29000.0,2292.1122375111577
58,213822,0.09414570971431753,29000.0,2730.225581715208
58,213822,0.09414570971431753,29000.0,2730.225581715208
58,160973,0.00496218088826133,29000.0,143.90324575957857
58,316959,0.004776686461352052,29000.0,138.5239073792095
58,158705,0.013352018681996387,29000.0,387.2085417778952
58,205939,0.014353783573233718,29000.0,416.2597236237778
58,208736,0.007927150230578604,29000.0,229.88735668677953
58,50022480,0.008319053316774698,29000.0,241.25254618646625
58,1194,0.002657231364580316,29000.0,77.05970957282916
58,1195,0.002469641883569355,29000.0,71.6196146235113
58,1196,0.003748458592061842,29000.0,108.70529916979342
58,1197,0.0042908064338169905,29000.0,124.43338658069273
58,1198,0.0037289242780994105,29000.0,108.1388040648829
60,50005821,0.21925982478813164,6500.0,1425.1888611228555
60,50022734,0.381518205324891,6500.0,2479.8683346117914
60,50008516,0.18520657916363145,6500.0,1203.8427645636045
60,317386,0.04093499830325065,6500.0,266.0774889711292
60,1090,0.1730803924200954,6500.0,1125.0225507306202
61,313489,0.01834968219682299,11000.0,201.8465041650529
61,313489,0.01834968219682299,11000.0,201.8465041650529
61,313489,0.01834968219682299,11000.0,201.8465041650529
61,313489,0.03669936439364598,11000.0,403.6930083301058
61,313489,0.017867685758921094,11000.0,196.54454334813204
61,313489,0.017867685758921094,11000.0,196.54454334813204
61,313489,0.017867685758921094,11000.0,196.54454334813204
61,313489,0.03573537151784219,11000.0,393.0890866962641
61,313489,0.04272597696686485,11000.0,469.98574663551335
61,313489,0.04272597696686485,11000.0,469.98574663551335
61,313489,0.04272597696686485,11000.0,469.98574663551335
61,313489,0.0854519539337297,11000.0,939.9714932710267
61,313489,0.07744539447001723,11000.0,851.8993391701896
61,313489,0.07744539447001723,11000.0,851.8993391701896
61,313489,0.07744539447001723,11000.0,851.8993391701896
61,313489,0.15489078894003447,11000.0,1703.7986783403792
61,143568,0.14435079397100736,11000.0,1587.858733681081
61,305044,0.012727236702705333,11000.0,139.99960372975866
61,330065,0.025613478524276444,11000.0,281.7482637670409
61,1048,0.035364793838879985,11000.0,389.0127322276798
62,50004460,0.04645881474511,7000.0,325.21170321577
62,202818,0.06195629259226403,7000.0,433.6940481458482
62,215368,0.21552895118991447,7000.0,1508.7026583294012
62,50013072,0.07961730100721758,7000.0,557.321107050523
62,144158,0.0670344947260919,7000.0,469.2414630826433
62,349000,0.040662277030841416,7000.0,284.6359392158899
62,1013,0.18279284303069643,7000.0,1279.549901214875
62,1014,0.13141025679695323,7000.0,919.8717975786726
62,1015,0.174538768880911,7000.0,1221.771382166377
64,214020,0.5,1000.0,500.0
64,307160,0.5,1000.0,500.0
65,1204,1.0,400.0,400.0
66,208913,0.058052932441950277,6500.0,377.3440608726768
66,310663,0.1406248211290711,6500.0,914.0613373389622
66,207679,0.0844378028845525,6500.0,548.8457187495912
66,50016366,0.15191882528055367,6500.0,987.4723643235989
66,50001050,0.03538761811266252,6500.0,230.01951773230638
66,50002790,0.08209484388927403,6500.0,533.6164852802812
66,316637,0.04200115885405218,6500.0,273.0075325513392
66,145033,0.047269419827491554,6500.0,307.2512288786951
66,50016546,0.024359243765576,6500.0,158.33508447624402
66,150368,0.027467951622971484,6500.0,178.54168554931465
66,102612,0.0890594672184411,6500.0,578.8865369198671
66,304602,0.08279953640320113,6500.0,538.1969866208074
66,301928,0.04176398899809613,6500.0,271.4659284876248
66,50009520,0.061663203445557896,6500.0,400.8108223961263
66,1039,0.03109918612654851,6500.0,202.14470982256532
67,313388,0.051282728310998914,24000.0,1230.7854794639738
67,320330,0.15388959559839724,24000.0,3693.3502943615335
67,150726,0.27804041892681697,24000.0,6672.970054243608
67,50011399,0.08306610508066248,24000.0,1993.5865219358996
67,320010,0.06441345599515635,24000.0,1545.9229438837524
67,302990,0.0582654638001255,24000.0,1398.3711312030118
67,50006225,0.04011602584554617,24000.0,962.784620293108
67,309400,0.05054703918830688,24000.0,1213.1289405193652
67,209681,0.12953738789104682,24000.0,3108.8973093851237
67,50006622,0.09084177936294267,24000.0,2180.202704710624
74,207915,0.20124276165227106,0.0,0.0
74,305325,0.43539223212916994,0.0,0.0
74,114495,0.36336500621855905,0.0,0.0
75,50018225,0.32250277302509917,1700.0,548.2547141426686
75,212461,0.16053101957031785,1700.0,272.90273326954036
75,50034058,0.30972831783750154,1700.0,526.5381403237526
75,216142,0.20723788956708133,1700.0,352.30441226403826
