hex_id,point_id,P_ij,expected_demand
4,50022727,0.009022470010471144,135.33705015706715
4,132495,0.21559909953126186,3233.986492968928
4,103449,0.03480631021322906,522.0946531984359
4,204296,0.2271123595902972,3406.685393854458
4,325074,0.03341691151502257,501.2536727253385
4,50001677,0.2776456473897308,4164.684710845962
4,50035379,0.01957570714685464,293.6356072028196
4,151795,0.1680230767063069,2520.3461505946034
4,327421,0.014798417896825818,221.97626845238727
5,5698,1.0,3000.0
6,50004504,0.7999975616812991,479.99853700877946
6,50004291,0.20000243831870093,120.00146299122056
11,159686,0.08151170604629833,0.0
11,205211,0.059715026300651404,0.0
11,205295,0.05291016970678342,0.0
11,307145,0.04022812186401432,0.0
11,122573,0.033587780420939725,0.0
11,306618,0.03330579272991924,0.0
11,159308,0.05229943326849599,0.0
11,309818,0.052950864008406,0.0
11,305288,0.05716150970755237,0.0
11,50010262,0.0496057994196558,0.0
11,1118,0.05438852138031606,0.0
11,1119,0.055620841036394204,0.0
11,1120,0.05420220628752778,0.0
11,1121,0.08368867256457851,0.0
11,1122,0.055620841036394204,0.0
11,1123,0.055620841036394204,0.0
11,1124,0.05438852138031606,0.0
11,1134,0.07319335180536247,0.0
12,115485,0.03449790648957215,1069.4351011767367
12,50007186,0.07823686483867555,2425.342809998942
12,320938,0.060728660892853954,1882.5884876784726
12,142984,0.08688683666227101,2693.4919365304013
12,161945,0.02235545130360104,693.0189904116322
12,211389,0.12066896108868415,3740.737793749209
12,151142,0.01452420135529793,450.2502420142358
12,171326,0.06925954451481842,2147.0458799593707
12,321023,0.008130231289954533,252.0371699885905
12,50000340,0.009801018487858283,303.8315731236068
12,50006677,0.02577721871706002,799.0937802288606
12,50022893,0.013774428763090676,427.00729165581095
12,171008,0.015528412184863845,481.3807777307792
12,132438,0.0066722722727391515,206.8404404549137
12,312745,0.00858140706707677,266.0236190793799
12,171038,0.00898894277049113,278.65722588522505
12,313125,0.06861800768897112,2127.158238358105
12,210928,0.11946176032603657,3703.314570107134
12,5297,0.055091069204868226,1707.823145350915
12,209491,0.0051443695494980185,159.47545603443857
12,50015998,0.019853023097126277,615.4437160109146
12,204648,0.06084117092811128,1886.0762987714497
12,50002690,0.010723444701698429,332.4267857526513
12,309550,0.028082225732672605,870.5489977128508
12,50006188,0.004603316881116115,142.70282331459956
12,1072,0.0431692531909929,1338.24684892078
13,126698,0.11519031023750852,1497.4740330876107
13,50006867,0.13889440991215748,1805.6273288580473
13,167574,0.07412936464156972,963.6817403404063
13,212762,0.05995408919024263,779.4031594731542
13,50000808,0.19964864358486714,2595.432366603273
13,101793,0.1995594468327536,2594.272808825797
13,318052,0.08038703741410295,1045.0314863833385
13,1065,0.04717171011702969,613.232231521386
13,1066,0.02242133039412674,291.47729512364765
13,1067,0.06264365767564155,814.3675497833401
14,321694,0.02290626090625559,687.1878271876677
14,173155,0.02415380209255961,724.6140627767884
14,317634,0.025684389719649085,770.5316915894725
14,159956,0.02483579910123122,745.0739730369366
14,129981,0.027196491510664247,815.8947453199274
14,50009499,0.03049002879710283,914.700863913085
14,314080,0.11299656051603645,3389.896815481093
14,131488,0.11554569113437553,3466.370734031266
14,305303,0.03527261590732718,1058.1784772198155
14,50017134,0.04026501787945481,1207.9505363836442
14,162105,0.04252736656505195,1275.8209969515583
14,163112,0.039227959985963984,1176.8387995789194
14,50011665,0.03503027278174841,1050.9081834524522
14,139652,0.03834786480865486,1150.4359442596458
14,164050,0.042520788400083304,1275.623652002499
14,50022268,0.05151149904369129,1545.3449713107386
14,312376,0.0353119371177399,1059.3581135321972
14,308494,0.021776714607020426,653.3014382106128
14,50015468,0.08625869561881006,2587.7608685643017
14,50019717,0.022175035799348073,665.2510739804422
14,50009047,0.018778206740350037,563.3462022105011
14,312610,0.017666155262830843,529.9846578849252
14,214065,0.017361545773271807,520.8463731981542
14,1023,0.02862192111807995,858.6576335423985
14,1064,0.04353737881269856,1306.121364380957
15,319166,0.12935617429137272,1099.527481476668
15,50016237,0.15358464602257768,1305.4694911919103
15,312117,0.19378537104538823,1647.1756538857999
15,319960,0.24835780503804014,2111.041342823341
15,306313,0.1560466293402856,1326.3963493924275
15,50015425,0.11886937426233557,1010.3896812298524
19,50027530,0.009012455657202354,180.24911314404707
19,50027540,0.04272850468218483,854.5700936436966
19,308070,0.034275425770349865,685.5085154069973
19,212080,0.033952298302131395,679.0459660426279
19,50013962,0.01645936752462972,329.1873504925944
19,142316,0.016402108413806096,328.0421682761219
19,3106,0.05410246314172959,1082.049262834592
19,319049,0.09271571075150226,1854.314215030045
19,50015771,0.01926833241812692,385.3666483625384
19,214583,0.014526467154061468,290.52934308122934
19,155290,0.06224233595763832,1244.8467191527664
19,213460,0.023440366514578165,468.8073302915633
19,5427,0.026474445384649277,529.4889076929855
19,360286,0.06922757021050609,1384.5514042101217
19,312402,0.013180572534218527,263.61145068437054
19,125903,0.038780983644408386,775.6196728881678
19,321994,0.16218990061495023,3243.7980122990048
19,50008881,0.1131461901326218,2262.923802652436
19,50019523,0.13816169151339897,2763.233830267979
19,1116,0.011568983604920367,231.37967209840733
19,1117,0.008143826072385332,162.87652144770664
20,125077,0.007475047941457258,89.70057529748709
20,50012899,0.006743286108966358,80.9194333075963
20,50005687,0.006871052270288258,82.45262724345909
20,50000939,0.005981845061204325,71.7821407344519
20,50008049,0.015807088293402622,189.68505952083146
20,212144,0.018373632536829543,220.48359044195453
20,136188,0.07808619303606393,937.0343164327671
20,50017374,0.05929516304993709,711.541956599245
20,50012911,0.11781736012742967,1413.808321529156
20,144104,0.0897431283728349,1076.9175404740188
20,50022857,0.13567307870895623,1628.0769445074748
20,50002472,0.06446288114504517,773.5545737405421
20,50013041,0.027600443338270744,331.20532005924895
20,2890,0.0660328082580309,792.3936990963708
20,210688,0.057042056781645104,684.5046813797412
20,1075,0.056153555053398856,673.8426606407862
20,1076,0.08304980208477312,996.5976250172776
20,1077,0.03383537484623275,406.02449815479304
20,1078,0.016081434853395693,192.97721824074833
20,1098,0.013292031351979216,159.5043762237506
20,1099,0.013098041908567686,157.17650290281222
20,1106,0.008123611758876532,97.48334110651838
20,1107,0.006273310592405994,75.27972710887192
20,1132,0.006482938136148678,77.79525763378413
20,1133,0.006604834383859444,79.25801260631333
21,50011456,0.018170741382365106,381.5855690296672
21,50001101,0.06928061444997716,1454.8929034495202
21,50031886,0.06101331409995078,1281.2795960989665
21,50034991,0.005948287043353641,124.91402791042646
21,50022152,0.11474739095885123,2409.6952101358756
21,50017267,0.04490541857677779,943.0137901123336
21,5285,0.05716270538874066,1200.4168131635538
21,209978,0.16505215720605093,3466.0953013270696
21,50009042,0.012420735624152843,260.8354481072097
21,307356,0.012331541395261852,258.9623693004989
21,162540,0.011263953273335459,236.54301874004463
21,206935,0.03662368714032745,769.0974299468766
21,50016484,0.03839050993848754,806.2007087082384
21,203190,0.01827709957959706,383.8190911715382
21,139531,0.043266121331031165,908.5885479516545
21,50016357,0.007315463537674339,153.62473429116113
21,161796,0.043644276300039336,916.5298023008261
21,209080,0.006044441202252071,126.93326524729349
21,1073,0.0263284323463974,552.8970792743454
21,1074,0.1065846951342976,2238.2785978202496
21,1080,0.007545418031565772,158.4537786628812
21,1081,0.05254635881474366,1103.473535109617
21,1083,0.04113663724476918,863.8693821401528
22,50003520,0.9523803349602831,3428.569205857019
22,50005351,0.047619665039716916,171.4307941429809
23,50006852,0.018287163265173906,475.46624489452154
23,140184,0.04062927217386948,1056.3610765206065
23,217837,0.04377646916128394,1138.1881981933825
23,108722,0.13086913433383424,3402.5974926796903
23,50019116,0.050442978136895446,1311.5174315592817
23,50006212,0.021057541368793026,547.4960755886187
23,214718,0.023130253120631536,601.38658113642
23,50018091,0.025145349938147273,653.779098391829
23,317159,0.023429796106906372,609.1746987795657
23,313779,0.018634952188151508,484.5087568919392
23,311080,0.050420368158927954,1310.9295721321269
23,50015883,0.051557949892296326,1340.5066971997044
23,50007486,0.030166008732504294,784.3162270451116
23,308121,0.031579452694538906,821.0657700580116
23,50015564,0.012966986297882786,337.14164374495243
23,150148,0.014060507399289603,365.5731923815297
23,1024,0.027295253154108724,709.6765820068268
23,1025,0.027295253154108724,709.6765820068268
23,1026,0.07001239504132883,1820.3222710745497
23,1027,0.07001239504132883,1820.3222710745497
23,1028,0.02442140718128679,634.9565867134565
23,1029,0.050420368158927954,1310.9295721321269
23,1030,0.05387152479604465,1400.659644697161
23,1031,0.0905172205037388,2353.4477330972086
25,50003803,0.2568871565148177,0.0
25,50027531,0.4016955487201559,0.0
25,167731,0.34141729476502647,0.0
26,110453,0.08279249558534665,620.9437168901
26,50022799,0.10863038090711008,814.7278568033256
26,321507,0.03495698903947526,262.17741779606445
26,50006291,0.24414145454697292,1831.0609091022968
26,213506,0.08492716567260963,636.9537425445723
26,101476,0.08616453860389459,646.2340395292094
26,172240,0.13239171130958943,992.9378348219208
26,1137,0.13285560068002455,996.4170051001842
26,1138,0.0405979266791516,304.484450093637
26,1139,0.05254173697582523,394.06302731868925
27,312025,0.0020030740216289223,42.06455445420737
27,312025,0.0020030740216289223,42.06455445420737
27,172245,0.0022123766297994425,46.459909225788294
27,172245,0.0022123766297994425,46.459909225788294
27,211507,0.029580554713989873,621.1916489937873
27,211019,0.003037672056012486,63.7911131762622
27,50011757,0.03330623420524886,699.4309183102259
27,1809,0.0051224864313945675,107.57221505928592
27,306046,0.01169600900347623,245.61618907300084
27,159277,0.018255312267924522,383.36155762641494
27,50006259,0.01950038244509343,409.50803134696207
27,50017354,0.03603012271925186,756.632577104289
27,50005049,0.01202739262203055,252.57524506264156
27,50008255,0.03233146380162656,678.9607398341578
27,50011386,0.041136314939032095,863.862613719674
27,134871,0.07351553105982352,1543.8261522562939
27,329651,0.019532508359882367,410.1826755575297
27,317079,0.03034111794262283,637.1634767950794
27,327650,0.01973929808329499,414.52525974919484
27,144910,0.015533648292719512,326.20661414710975
27,50022194,0.002029742571077697,42.62459399263164
27,169830,0.028061843935452326,589.2987226444989
27,50002078,0.0035737519495367583,75.04879094027193
27,312025,0.0020030740216289223,42.06455445420737
27,312025,0.0020030740216289223,42.06455445420737
27,50032099,0.0019936948886451486,41.86759266154812
27,172245,0.0022123766297994425,46.459909225788294
27,172245,0.0022123766297994425,46.459909225788294
27,206380,0.035169023584831226,738.5494952814557
27,50013942,0.005378124269605895,112.94060966172378
27,50006250,0.026850396022584183,563.8583164742679
27,50001545,0.012737125181179521,267.47962880476996
27,143503,0.028061843935452326,589.2987226444989
27,1101,0.03794388560172357,796.821597636195
27,1102,0.03588577971896467,753.6013740982581
27,1103,0.036858990243920454,774.0387951223296
27,1104,0.01032513283044918,216.8277894394328
27,1105,0.027145353793965044,570.0524296732659
27,1108,0.013736213900746686,288.4604919156804
27,1109,0.013333438416255736,280.00220674137046
27,1110,0.00307305981072189,64.53425602515969
27,1111,0.03742681623255814,785.9631408837209
27,1112,0.048448879778096005,1017.426475340016
27,1113,0.048448879778096005,1017.426475340016
27,1114,0.09582118839155064,2012.2449562225634
27,1115,0.030148983615449043,633.12865592443
28,2122,0.027924393755855013,1089.0513564783455
28,50014074,0.03941172227748054,1537.057168821741
28,50034056,0.054387816410766406,2121.1248400198897
28,50037986,0.014800262881836149,577.2102523916099
28,50031787,0.006108553287330939,238.2335782059066
28,137644,0.026970472599419506,1051.8484313773608
28,151739,0.023052161987748166,899.0343175221785
28,150386,0.006371338305485029,248.48219391391612
28,308738,0.006308552800426717,246.03355921664198
28,157869,0.013379801160259127,521.812245250106
28,335761,0.026165891573102763,1020.4697713510078
28,50004457,0.0072661409716833015,283.37949789564874
28,114368,0.01145158146035891,446.61167695399746
28,214796,0.011683925088015702,455.6730784326124
28,50006439,0.011712885385070758,456.8025300177595
28,311711,0.018009051704818826,702.3530164879343
28,130288,0.011130926585367911,434.10613682934854
28,130288,0.011130926585367911,434.10613682934854
28,130288,0.011130926585367911,434.10613682934854
28,130288,0.011130926585367911,434.10613682934854
28,306686,0.038397379487699765,1497.497800020291
28,349561,0.0084861054387394,330.95811211083657
28,208111,0.008861499393599053,345.59847635036306
28,127434,0.014035407447088661,547.3808904364578
28,50006610,0.01732610930650929,675.7182629538623
28,215050,0.043159755941006565,1683.230481699256
28,313083,0.062109742949829135,2422.2799750433364
28,50017787,0.052155533249709195,2034.0657967386585
28,150043,0.005811684217281954,226.6556844739962
28,215158,0.02154578229115654,840.285509355105
28,213607,0.035521692618669685,1385.3460121281178
28,1069,0.012674253873510961,494.2959010669275
28,1070,0.027558460203437753,1074.7799479340724
28,1071,0.028230057013961366,1100.9722235444933
28,1079,0.023832951449239338,929.4851065203342
28,1082,0.03048607694850847,1188.9570009918305
28,1084,0.028230057013961366,1100.9722235444933
28,1085,0.027558460203437753,1074.7799479340724
28,1091,0.01622034834447424,632.5935854344954
28,1092,0.015693852314779645,612.0602402764061
28,1093,0.026556942418195076,1035.7207543096079
28,1094,0.022067692713894985,860.6400158419044
28,1095,0.005588187485098655,217.93931191884755
28,1096,0.04537263631397615,1769.5328162450699
28,1100,0.032991073371105566,1286.6518614731172
29,173134,0.01285963445128166,617.2624536615197
29,312276,0.014036939347702058,673.7730886896987
29,141127,0.014449618341459945,693.5816803900773
29,3852,0.025413406963448033,1219.8435342455057
29,337942,0.013508742420943716,648.4196362052984
29,50007604,0.014325082097854243,687.6039406970036
29,139733,0.014835548695177595,712.1063373685246
29,315637,0.01717103588301321,824.209722384634
29,140341,0.016545908475514595,794.2036068247005
29,50016337,0.016545908475514595,794.2036068247005
29,307384,0.016759163515843088,804.4398487604682
29,139581,0.015688984157358695,753.0712395532173
29,50004254,0.017271918849163532,829.0521047598495
29,126707,0.020921139401445354,1004.214691269377
29,212229,0.02511433735116344,1205.488192855845
29,322777,0.05952604289681484,2857.2500590471122
29,213695,0.12152679171934577,5833.286002528597
29,50019696,0.016153202590575202,775.3537243476097
29,318390,0.016634254866433995,798.4442335888318
29,211591,0.03595135946085244,1725.665254120917
29,213621,0.11076251882012372,5316.600903365938
29,50005710,0.10852361510161639,5209.133524877587
29,319606,0.019414676051052054,931.9044504504985
29,316252,0.019385001015587478,930.4800487481989
29,140352,0.01724600582790135,827.8082797392648
29,320976,0.053280428514231794,2557.460568683126
29,312535,0.011917757537926382,572.0523618204663
29,212518,0.011744196231934468,563.7214191328545
29,309432,0.012520275303035414,600.9732145456999
29,50017411,0.011740689305295982,563.5530866542072
29,50016599,0.027468892779597995,1318.5068534207037
29,1086,0.09075692355079099,4356.332330437967
30,50015367,0.027628758152612922,303.91633967874213
30,162684,0.24273219613075606,2670.0541574383165
30,310691,0.02942632402514928,323.68956427664205
30,309492,0.032445988000208585,356.9058680022944
30,320115,0.02679803730300855,294.77841033309403
30,160580,0.022999112678901226,252.99023946791348
30,213025,0.05354956991551347,589.0452690706481
30,322809,0.022066352950142094,242.72988245156304
30,311268,0.025188858228229714,277.07744051052686
30,1032,0.1816460409398217,1998.1064503380387
30,1033,0.16403099595798262,1804.340955537809
30,1034,0.1714877657176738,1886.3654228944117
31,50000027,0.10953188301357929,1423.9144791765307
31,308919,0.06639459959366377,863.129794717629
31,5724,0.09027389893356666,1173.5606861363665
31,139667,0.07314837010519806,950.9288113675748
31,336560,0.03988750190651395,518.5375247846814
31,130971,0.040730337938286836,529.4943931977289
31,211869,0.22653314395355478,2944.9308713962123
31,314525,0.034215921031956295,444.80697341543186
31,318295,0.034744302374393785,451.6759308671192
31,318205,0.0409353414494117,532.1594388423522
31,50008906,0.04561520165809148,592.9976215551892
31,325165,0.027961050051462415,363.4936506690114
31,1020,0.0964658499252454,1254.0560490281903
31,1021,0.0735625980650756,956.3137748459828
32,50003926,1.0,1900.0
34,311605,0.01225122405646143,196.0195849033829
34,162181,0.0124969830465517,199.9517287448272
34,321461,0.10926854288624202,1748.2966861798723
34,325824,0.10424904244046905,1667.9846790475049
34,50010189,0.015218803825433449,243.50086120693518
34,6007,0.01659716277861645,265.5546044578632
34,327321,0.024002232246980486,384.0357159516878
34,314961,0.10130854031931552,1620.9366451090484
34,162363,0.14447546077461645,2311.6073723938634
34,314488,0.01548645982794995,247.78335724719918
34,150877,0.015980401765918598,255.68642825469757
34,307799,0.014782877670167992,236.52604272268786
34,50003893,0.013683770124908736,218.94032199853976
34,50004592,0.08302756511998331,1328.441041919733
34,50034184,0.14088405254977676,2254.144840796428
34,50007850,0.13327730877442617,2132.4369403908186
34,1150,0.013664554038753137,218.63286462005019
34,1151,0.018263650572439637,292.2184091590342
34,1152,0.01108136718098905,177.3018748958248
35,50007505,0.05636878245592647,1409.2195613981617
35,50022830,0.033369198035110216,834.2299508777554
35,308356,0.015159037920360392,378.9759480090098
35,169926,0.08784703215905622,2196.1758039764054
35,322743,0.032177035451581106,804.4258862895276
35,165829,0.00850877683829846,212.7194209574615
35,50022556,0.013179594335108017,329.48985837770044
35,302715,0.007334062033747174,183.35155084367935
35,151474,0.0060677935218009914,151.6948380450248
35,309713,0.005907444517667184,147.6861129416796
35,163299,0.0060563478746207015,151.40869686551753
35,50017901,0.005304731021243567,132.61827553108918
35,141696,0.062107482350568795,1552.68705876422
35,150856,0.0543559226099212,1358.89806524803
35,306764,0.043028319179197125,1075.707979479928
35,50011829,0.0036184630097059233,90.46157524264808
35,50008202,0.003643063832748183,91.07659581870458
35,145143,0.0543559226099212,1358.89806524803
35,311084,0.012523531391866414,313.08828479666033
35,311084,0.012523531391866414,313.08828479666033
35,311084,0.012523531391866414,313.08828479666033
35,311084,0.012523531391866414,313.08828479666033
35,214958,0.002785569157243324,69.63922893108311
35,314375,0.006936826056461882,173.42065141154706
35,50034108,0.019978710410307816,499.4677602576954
35,137023,0.012058331540497666,301.45828851244164
35,50017960,0.011372177633567267,284.30444083918167
35,1140,0.002805525318969469,70.13813297423673
35,1141,0.003106007626269902,77.65019065674754
35,1142,0.0034769326892145056,86.92331723036264
35,1143,0.0035124748120777907,87.81187030194477
35,1144,0.08996227549719743,2249.0568874299356
35,1145,0.04635835408548538,1158.9588521371345
35,1146,0.06510494956442986,1627.6237391107466
35,1147,0.07440950464010261,1860.2376160025653
35,1148,0.05495226431414696,1373.806607853674
35,1149,0.0030206739103450964,75.5168477586274
35,1156,0.01319181608058113,329.7954020145283
35,1157,0.0039018588707375643,97.5464717684391
35,1158,0.0036985456322478224,92.46364080619556
35,1159,0.0034582795105163387,86.45698776290847
35,1160,0.0037978268806971643,94.9456720174291
35,1161,0.0030101094050167775,75.25273512541943
35,1162,0.0030101094050167775,75.25273512541943
35,1163,0.01760774163482087,440.1935408705217
36,327069,0.04045768260510829,1011.4420651277073
36,50007884,0.009504181516081315,237.6045379020329
36,101224,0.006137282184071529,153.43205460178822
36,50000763,0.10969235347283644,2742.308836820911
36,215440,0.005505459228042917,137.6364807010729
36,114183,0.0051135580770329155,127.83895192582288
36,50016730,0.048798367281794666,1219.9591820448666
36,50016730,0.048798367281794666,1219.9591820448666
36,130439,0.0051862486006464415,129.65621501616104
36,130439,0.0051862486006464415,129.65621501616104
36,3090,0.005022165357252258,125.55413393130644
36,3090,0.005022165357252258,125.55413393130644
36,335637,0.004895128672767519,122.37821681918798
36,335637,0.004895128672767519,122.37821681918798
36,50002697,0.03341465734910978,835.3664337277446
36,110310,0.004419675700350524,110.49189250876309
36,50022352,0.00444328475898353,111.08211897458825
36,218499,0.020688396972824725,517.2099243206181
36,50012770,0.09097251528914341,2274.3128822285853
36,50022393,0.07570945337821591,1892.7363344553978
36,50014197,0.05549273059883701,1387.3182649709254
36,168833,0.06592715284808859,1648.1788212022147
36,50007861,0.05643502219860744,1410.875554965186
36,50001931,0.005135016711899083,128.37541779747707
36,215578,0.017193534683825163,429.83836709562905
36,50035925,0.026297131556447213,657.4282889111803
36,320015,0.0548242327908476,1370.60581977119
36,50016730,0.048798367281794666,1219.9591820448666
36,50016730,0.048798367281794666,1219.9591820448666
36,130439,0.0051862486006464415,129.65621501616104
36,130439,0.0051862486006464415,129.65621501616104
36,126997,0.025735948277152785,643.3987069288196
36,50009505,0.016935973664517115,423.39934161292786
36,3090,0.005022165357252258,125.55413393130644
36,3090,0.005022165357252258,125.55413393130644
36,335637,0.004895128672767519,122.37821681918798
36,335637,0.004895128672767519,122.37821681918798
36,50027099,0.00524260217421991,131.06505435549775
36,1097,0.004278347877360692,106.9586969340173
36,1155,0.004836166436552616,120.9041609138154
37,135247,0.003938524608901395,98.46311522253488
37,300686,0.004299918626129865,107.49796565324662
37,114613,0.008435225811028145,210.8806452757036
37,158336,0.00873121542239468,218.280385559867
37,216668,0.029219069222920117,730.4767305730029
37,109221,0.02819282475688994,704.8206189222485
37,50005267,0.01000136303854097,250.03407596352426
37,164045,0.021849088048566872,546.2272012141718
37,50008234,0.04520075686701397,1130.0189216753492
37,313972,0.12158020562733814,3039.505140683453
37,313586,0.012176102470799173,304.40256176997934
37,214004,0.0038140840598696866,95.35210149674216
37,123260,0.004051179949860758,101.27949874651895
37,50038086,0.004086675772187626,102.16689430469066
37,50011662,0.004274694517989508,106.8673629497377
37,128155,0.004531702624453786,113.29256561134464
37,50015344,0.07128050968460518,1782.0127421151296
37,50015344,0.07128050968460518,1782.0127421151296
37,50008314,0.07544815142860706,1886.2037857151765
37,50008314,0.07544815142860706,1886.2037857151765
37,50002618,0.004365781126482754,109.14452816206885
37,319831,0.004296102442551474,107.40256106378685
37,142678,0.004517920520729089,112.94801301822723
37,142678,0.004517920520729089,112.94801301822723
37,142678,0.004517920520729089,112.94801301822723
37,142678,0.004517920520729089,112.94801301822723
37,50008314,0.07544815142860706,1886.2037857151765
37,50008314,0.07544815142860706,1886.2037857151765
37,50015344,0.07128050968460518,1782.0127421151296
37,50015344,0.07128050968460518,1782.0127421151296
37,1061,0.007296665217515644,182.41663043789111
37,1062,0.006287718926968707,157.19297317421768
37,1063,0.020013758151320254,500.3439537830064
37,1068,0.004132991541628484,103.3247885407121
37,1087,0.007936547554593842,198.41368886484605
37,1088,0.020013758151320254,500.3439537830064
37,1089,0.006287718926968707,157.19297317421768
38,316998,0.10579293911932972,1005.0329216336323
38,311516,0.026005887550971718,247.0559317342313
38,50000309,0.14059074383397688,1335.6120664227803
38,319479,0.024416136474902587,231.9532965115746
38,165913,0.025404269799286377,241.34056309322057
38,307802,0.12648099787357303,1201.5694797989438
38,50019334,0.11140931023945302,1058.3884472748036
38,162553,0.044287678839237836,420.73294897275946
38,50013264,0.04190421025662173,398.0899974379064
38,312428,0.07388519704077233,701.9093718873371
38,139037,0.0569467343533009,540.9939763563585
38,1038,0.10115599275322128,960.9819311556022
38,1040,0.08329630036023222,791.3148534222062
38,1041,0.0384236015051203,365.02421429864285
39,162433,0.08597561229709261,2235.365919724408
39,50035892,0.019021707208955206,494.56438743283536
39,50013069,0.039202914339318266,1019.2757728222749
39,164005,0.0402534189248402,1046.5888920458451
39,160547,0.02076605095057649,539.9173247149887
39,50013987,0.0899305567514416,2338.1944755374816
39,2055,0.050851567936976684,1322.1407663613938
39,157715,0.07255031593347312,1886.3082142703013
39,206909,0.02638325626781189,685.9646629631092
39,50016466,0.02218887834766133,576.9108370391946
39,50006913,0.019696473601334,512.108313634684
39,214816,0.021538463541798183,560.0000520867528
39,50022975,0.020156303174278974,524.0638825312533
39,50008878,0.02168230795541607,563.7400068408178
39,305662,0.022988012476894623,597.6883243992602
39,322499,0.024008516038039402,624.2214169890244
39,310122,0.025699043789876565,668.1751385367907
39,50016121,0.06342857006675982,1649.1428217357554
39,1018,0.12817374334168494,3332.5173268838084
39,1019,0.028156178736043227,732.0606471371239
39,1036,0.09448714536459847,2456.66577947956
39,1037,0.0628609629551285,1634.385036833341
40,310169,0.07673556402484946,383.6778201242473
40,162837,0.07648146073276556,382.4073036638278
40,137621,0.10296940245957305,514.8470122978653
40,50017284,0.08781274270520338,439.0637135260169
40,165263,0.07083493536725857,354.17467683629286
40,156999,0.09359920835851752,467.9960417925876
40,156977,0.12439159364227234,621.9579682113617
40,308179,0.11360804122807718,568.0402061403859
40,1008,0.054745057164507206,273.725285822536
40,1009,0.06219772120029093,310.9886060014546
40,1010,0.13662427311668462,683.1213655834231
41,5074,0.11003525642847191,1100.3525642847192
41,50022127,0.23818073166280224,2381.8073166280224
41,139490,0.01531285482327468,153.1285482327468
41,50017560,0.020375801110446307,203.75801110446307
41,323326,0.02172128100248384,217.2128100248384
41,161324,0.02439543817650552,243.95438176505522
41,150554,0.025054515001887896,250.54515001887896
41,364170,0.04209072486361657,420.9072486361657
41,50015247,0.05042818472596933,504.2818472596933
41,1184,0.27259664500712694,2725.9664500712693
41,1185,0.05967471404199334,596.7471404199334
41,1186,0.1201338531554214,1201.338531554214
42,50012731,0.031913682719425386,1180.8062606187393
42,50013770,0.030444496501328227,1126.4463705491444
42,158835,0.030765709933935036,1138.3312675555962
42,5927,0.013075652842806354,483.7991551838351
42,205001,0.03063490097533275,1133.4913360873118
42,50017220,0.0038995494255678587,144.28332874601077
42,312212,0.01194821929584132,442.0841139461288
42,305933,0.003012318010239492,111.4557663788612
42,139563,0.003047887394438203,112.77183359421352
42,6071,0.01588666239111289,587.8065084711769
42,213810,0.017612547525562388,651.6642584458084
42,213591,0.0033359684101738757,123.4308311764334
42,217460,0.004481918132486162,165.830970901988
42,315869,0.004394226782725891,162.58639096085798
42,319945,0.014227971066508582,526.4349294608176
42,202826,0.009524626154939275,352.41116773275314
42,307082,0.1536596817253401,5685.408223837584
42,50005846,0.021202155722063163,784.4797617163371
42,50014180,0.005316497432792844,196.71040501333522
42,147976,0.005547466065353192,205.2562444180681
42,157598,0.051440061719185005,1903.2822836098453
42,50019260,0.06440923583132642,2383.1417257590774
42,1283,0.04168801635538071,1542.4566051490863
42,50005059,0.013530125607700384,500.6146474849142
42,50013432,0.07583276644764676,2805.81235856293
42,216293,0.0229873111866554,850.5305139062498
42,50001411,0.039989542408293006,1479.6130691068413
42,50031275,0.03016403301227236,1116.0692214540773
42,50003019,0.012756169580871711,471.9782744922533
42,1153,0.04769652489715919,1764.77142119489
42,1154,0.046992794044146094,1738.7333796334055
42,1164,0.02015189557525744,745.6201362845252
42,1174,0.005962275054447674,220.60417701456396
42,1175,0.0037060704369482737,137.1246061670861
42,1176,0.0037060704369482737,137.1246061670861
42,1177,0.004756748476208114,175.9996936197002
42,1178,0.010892303768034841,403.01523941728914
42,1179,0.0592722541971868,2193.0734052959115
42,1180,0.008241261530163559,304.9266766160517
42,1181,0.007425347129309224,274.7378437844413
42,1182,0.0035314779812371236,130.66468530577356
42,1183,0.010935575815648618,404.61630517899886
43,209621,0.01616170163650891,404.0425409127227
43,50007108,0.007810615375943321,195.26538439858302
43,314947,0.010404929912747224,260.12324781868057
43,50014582,0.012510277484682399,312.75693711706
43,218396,0.045369628647569514,1134.240716189238
43,50007243,0.021164129337928713,529.1032334482178
43,50007243,0.021164129337928713,529.1032334482178
43,144597,0.029333617058485886,733.3404264621471
43,159616,0.05719288860593917,1429.8222151484792
43,50006544,0.0859168094055222,2147.920235138055
43,50014990,0.087666111085217,2191.652777130425
43,102332,0.025117974645893354,627.9493661473339
43,50019620,0.026749611549415565,668.7402887353891
43,304381,0.03147252825942571,786.8132064856427
43,50007243,0.021164129337928713,529.1032334482178
43,50007243,0.021164129337928713,529.1032334482178
43,215971,0.022418643960795025,560.4660990198756
43,157827,0.018193290780897466,454.83226952243666
43,208335,0.015863689916918836,396.5922479229709
43,208335,0.015863689916918836,396.5922479229709
43,140119,0.013886567296254489,347.1641824063622
43,140119,0.013886567296254489,347.1641824063622
43,127171,0.01746672987047986,436.66824676199644
43,309655,0.01621786130044883,405.4465325112207
43,321022,0.014597897282172038,364.9474320543009
43,50003801,0.014054344625618583,351.35861564046456
43,140527,0.014232495647432744,355.8123911858186
43,217423,0.05158319224945418,1289.5798062363544
43,141797,0.013027099481065936,325.6774870266484
43,202530,0.04928838645987255,1232.2096614968139
43,140119,0.013886567296254489,347.1641824063622
43,140119,0.013886567296254489,347.1641824063622
43,208335,0.015863689916918836,396.5922479229709
43,208335,0.015863689916918836,396.5922479229709
43,314956,0.013083351181302154,327.0837795325538
43,141272,0.021461244315370685,536.5311078842672
43,123498,0.034679347908677834,866.9836977169458
43,308981,0.00887398244102245,221.84956102556126
43,110564,0.009117139019684462,227.92847549211155
43,317467,0.011560627970562943,289.0156992640736
43,1165,0.015806451974758197,395.16129936895493
43,1166,0.014973673658625657,374.34184146564144
44,350046,0.020355771799379974,1730.2406029472977
44,2454,0.01970967272540921,1675.3221816597827
44,50007483,0.019347402883574335,1644.5292451038185
44,50013391,0.01061778031378828,902.5113266720039
44,141500,0.005804448395511063,493.3781136184404
44,50022479,0.00614880376535106,522.64832005484
44,50014102,0.006257985559919924,531.9287725931936
44,158526,0.009764493242252486,829.9819255914613
44,332239,0.0048329665019619635,410.8021526667669
44,141130,0.008980595058145255,763.3505799423467
44,125938,0.004992297667940259,424.345301774922
44,159387,0.005710411227588083,485.3849543449871
44,306519,0.005788971569378311,492.06258339715646
44,163662,0.006179784977133331,525.2817230563331
44,162057,0.0071069242439430825,604.088560735162
44,309168,0.016678849036824064,1417.7021681300455
44,124813,0.0394703662627807,3354.9811323363597
44,159164,0.0051087550473610825,434.244179025692
44,208296,0.006090872766657484,517.7241851658861
44,50022919,0.005264836604681538,447.5111113979307
44,159923,0.004884737310762673,415.2026714148272
44,124049,0.004884737310762673,415.2026714148272
44,306446,0.0051648307340327465,439.01061239278346
44,111541,0.054290058391045976,4614.654963238908
44,159614,0.03279724959094727,2787.766215230518
44,50015381,0.020812048348681764,1769.02410963795
44,50006036,0.01981852433095781,1684.5745681314138
44,320592,0.023511191926844126,1998.4513137817507
44,50006952,0.013395142359508581,1138.5871005582294
44,50014963,0.005204338749600964,442.36879371608194
44,160311,0.005643451172170696,479.69334963450916
44,303212,0.006568484634806404,558.3211939585443
44,206949,0.007501801460841834,637.6531241715559
44,169877,0.00806356793340629,685.4032743395347
44,50008920,0.02619216448080506,2226.33398086843
44,172437,0.02750170426415442,2337.644862453126
44,102778,0.0064336721494972215,546.8621327072639
44,308003,0.10339107026542455,8788.240972561087
44,112934,0.05870245886553407,4989.709003570396
44,50017741,0.00499081303281297,424.2191077891025
44,161731,0.0049926118628287695,424.3720083404454
44,169598,0.009657494759502625,820.8870545577231
44,101756,0.00924327689377354,785.6785359707509
44,211005,0.00463118219588764,393.65048665044935
44,168525,0.00463080143043566,393.61812158703106
44,213026,0.011468404692740066,974.8143988829056
44,312293,0.005360052450869822,455.60445832393486
44,50013068,0.005365557942988516,456.0724251540239
44,149433,0.00516176220595519,438.7497875061911
44,50016618,0.004908553744074751,417.22706824635384
44,2182,0.004492573159818982,381.86871858461353
44,157767,0.0044234330237218865,375.9918070163603
44,212542,0.00460042052340444,391.03574448937735
44,141151,0.004467258012153093,379.7169310330129
44,307325,0.004678847812840189,397.70206409141605
44,313139,0.005087716491035191,432.4559017379912
44,50015132,0.004970846596260576,422.5219606821489
44,50015722,0.011122010035254452,945.3708529966284
44,123745,0.011655415073576512,990.7102812540035
44,140070,0.038154401754822334,3243.1241491598985
44,996,0.039361015802718294,3345.686343231055
44,50006347,0.061960108916978354,5266.60925794316
44,308958,0.060197640445175615,5116.799437839927
44,1055,0.0044777546583300585,380.60914595805497
44,1059,0.00911482248689065,774.7599113857052
44,1060,0.011852000065783535,1007.4200055916004
45,50034737,0.005336155739706268,245.46316402648833
45,311410,0.011806038101281542,543.0777526589509
45,316508,0.006538659025714941,300.7783151828873
45,112685,0.006194556578318497,284.9496026026508
45,5428,0.007364763819513293,338.7791356976115
45,315660,0.02945787555747791,1355.0622756439839
45,157910,0.024335272522218458,1119.4225360220491
45,212274,0.027020268150704654,1242.932334932414
45,50005499,0.00756104951531379,347.8082777044344
45,156711,0.010964015831835592,504.34472826443726
45,141401,0.01464912033406519,673.8595353669988
45,50010084,0.01202823457685171,553.2987905351787
45,306743,0.01033640314116092,475.47454449340233
45,110623,0.005383514190593533,247.6416527673025
45,323098,0.0052055759210664085,239.45649236905479
45,323036,0.044950127322247416,2067.705856823381
45,50010060,0.039104934297122446,1798.8269776676325
45,50006771,0.08297895299349625,3817.0318377008275
45,155932,0.056607231580139396,2603.932652686412
45,142568,0.11832553272566192,5442.974505380448
45,308100,0.009521590292575093,437.99315345845423
45,312473,0.01707669602359266,785.5280170852624
45,157770,0.01567909906009075,721.2385567641745
45,142912,0.012050223407885577,554.3102767627365
45,310094,0.008953714202997405,411.87085333788065
45,206097,0.008285782003979617,381.1459721830624
45,137176,0.01026274269085876,472.0861637795029
45,321194,0.019015491271661668,874.7125984964367
45,151691,0.008980927880734622,413.1226825137926
45,150701,0.008875301382182009,408.2638635803724
45,111059,0.007901796018641443,363.4826168575064
45,164697,0.015590192698339262,717.148864123606
45,310657,0.015423245961705157,709.4693142384372
45,144560,0.05522918014523986,2540.5422866810336
45,113174,0.03634642599262974,1671.935595660968
45,50017063,0.013057294855384507,600.6355633476874
45,1042,0.04244643353703308,1952.5359427035219
45,1043,0.029606235570008008,1361.8868362203684
45,1045,0.02776256248236301,1277.0778741886986
45,1046,0.027382048621966786,1259.574236610472
45,1050,0.007338334458924224,337.56338511051433
45,1051,0.007347294570309073,337.9755502342174
45,1052,0.012744496979577708,586.2468610605746
45,1056,0.004904442298685574,225.6043457395364
45,1057,0.02197883909087436,1011.0265981802206
45,1058,0.030091326577269966,1384.2010225544184
46,212451,0.06511095843933565,2474.2164206947546
46,210282,0.02200926449391888,836.3520507689174
46,214434,0.021445480919597876,814.9282749447193
46,209718,0.026455043928181852,1005.2916692709103
46,342331,0.030574382089301824,1161.8265193934692
46,209176,0.03025500834951021,1149.690317281388
46,50022075,0.029815774041502038,1132.9994135770773
46,306922,0.027842048295822517,1057.9978352412556
46,164179,0.03738047650435915,1420.4581071656476
46,302095,0.03436117148521679,1305.7245164382382
46,121352,0.03178351435216949,1207.7735453824405
46,151875,0.04184112740124416,1589.9628412472782
46,50022339,0.037809665252222006,1436.7672795844362
46,50005904,0.03976486467525742,1511.064857659782
46,50006393,0.029021553924737653,1102.8190491400308
46,317464,0.03720888037103489,1413.9374540993258
46,50035105,0.05878068131759233,2233.6658900685084
46,306930,0.10168857248290526,3864.1657543503998
46,112891,0.023560997944481674,895.3179218903036
46,326637,0.022237148061901035,845.0116263522393
46,50002867,0.023262763280192878,883.9850046473293
46,165658,0.0846105818557135,3215.202110517113
46,50013587,0.07775757921652425,2954.7880102279214
46,1016,0.019359823830279784,735.6733055506318
46,1017,0.01837791621540944,698.3608161855587
46,1044,0.027684721271587397,1052.0194083203212
47,317624,0.021205739354115568,148.44017547880898
47,326073,0.02510091385726253,175.7063970008377
47,310391,0.022780803762111418,159.46562633477993
47,214131,0.02716925033308619,190.18475233160333
47,319050,0.025031645361770178,175.22151753239123
47,50034918,0.0323829820637143,226.6808744460001
47,164023,0.3487426454185125,2441.1985179295875
47,103929,0.08571690116254042,600.0183081377829
47,50007090,0.02384114855108379,166.88803985758653
47,123078,0.12832660299796217,898.2862209857352
47,50006425,0.02441224953951839,170.8857467766287
47,1011,0.1509106251063701,1056.3743757445907
47,1012,0.08437849249195264,590.6494474436685
48,324782,0.07236351364885302,651.2716228396772
48,137365,0.09834198424645355,885.0778582180819
48,142978,0.08435605784537908,759.2045206084117
48,50015985,0.09763138820773405,878.6824938696064
48,308364,0.08898476232230233,800.862860900721
48,137674,0.07577680196524988,681.991217687249
48,214779,0.1022359836254675,920.1238526292075
48,331720,0.09316917026540072,838.5225323886066
48,127374,0.10748971512726771,967.4074361454094
48,301416,0.08299911549506232,746.9920394555609
48,50027095,0.05840520638982609,525.6468575084348
48,50001712,0.038246300861003724,344.2167077490335
49,50016277,0.008271163418057996,297.7618830500879
49,207218,0.018533365605590043,667.2011618012416
49,3849,0.036918822481593776,1329.0776093373759
49,150729,0.04168001492264078,1500.480537215068
49,308260,0.011373670279821132,409.45213007356074
49,170609,0.012543678916982189,451.5724410113588
49,308296,0.013733469778670236,494.4049120321285
49,308296,0.013733469778670236,494.4049120321285
49,211593,0.01299132701650429,467.6877725941544
49,308296,0.013733469778670236,494.4049120321285
49,308296,0.013733469778670236,494.4049120321285
49,50016142,0.013297682021933852,478.7165527896187
49,151814,0.015433123523142361,555.592446833125
49,308309,0.017106052838106636,615.8179021718389
49,50008206,0.035340125018815116,1272.2445006773441
49,125738,0.14160472032463384,5097.769931686818
49,160054,0.19636052821464534,7068.979015727232
49,50005090,0.009652380090347239,347.4856832525006
49,132759,0.011946755097301746,430.0831835028629
49,211201,0.011933526269540707,429.60694570346544
49,157562,0.012570613917379861,452.542101025675
49,211055,0.03228545997136457,1162.2765589691244
49,211508,0.0668846300121899,2407.8466804388363
49,103125,0.012818265422122012,461.45755519639243
49,50018097,0.011544198054017405,415.5911299446266
49,50016375,0.009249702113657355,332.98927609166475
49,211709,0.009552312739205808,343.8832586114091
49,202312,0.011759465621710988,423.3407623815956
49,134717,0.022934298422133296,825.6347431967987
49,214183,0.0399951141761625,1439.82411034185
49,312425,0.06716848217580963,2418.065358329147
49,173129,0.019698618710836273,709.1502735901058
49,322864,0.01953233013631788,703.1638849074437
49,1199,0.01408569337275466,507.08496141916777
50,111208,0.037199358271956286,1041.582031614776
50,162886,0.009785071760111962,273.98200928313497
50,50019608,0.021384248750509302,598.7589650142604
50,323085,0.02551592413719439,714.4458758414429
50,124885,0.054805953321149646,1534.5666929921902
50,164144,0.04937149377683276,1382.4018257513173
50,311985,0.012109131658362684,339.0556864341552
50,340344,0.14168234610362657,3967.1056909015438
50,307096,0.07689069233318582,2152.939385329203
50,327619,0.039456627793829246,1104.7855782272188
50,322154,0.06828536567001632,1911.990238760457
50,50002241,0.09073415238422224,2540.5562667582226
50,50001022,0.015422344192221066,431.8256373821899
50,308215,0.009159665250643479,256.4706270180174
50,3892,0.015485792525128684,433.6021907036031
50,1187,0.05316892853389858,1488.7299989491603
50,1188,0.10062527860257284,2817.5078008720393
50,1189,0.1789176249345382,5009.693498167069
51,50002962,0.06941217358202093,624.7095622381884
51,306539,0.16501051342955173,1485.0946208659655
51,50003086,0.018698725615324763,168.28853053792287
51,50035050,0.018733451600033497,168.60106440030148
51,1167,0.07468122072721094,672.1309865448984
51,1168,0.07956705267820574,716.1034741038517
51,1169,0.08364374875414123,752.7937387872711
51,1170,0.08364374875414123,752.7937387872711
51,1171,0.023506463316885086,211.55816985196577
51,1172,0.025156539209719095,226.40885288747185
51,1173,0.04323677601982042,389.1309841783838
51,1190,0.2438750153830516,2194.8751384474645
51,1191,0.02861268135023436,257.51413215210926
51,1192,0.0251386921243701,226.24822911933092
51,1193,0.0170831974552892,153.7487770976028
52,308733,0.019280470162549967,347.0484629258994
52,50005386,0.08427927252956706,1517.0269055322071
52,323014,0.09420004628924529,1695.6008332064152
52,215599,0.025741376950706617,463.34478511271914
52,160807,0.12120298863493661,2181.653795428859
52,163510,0.12790641174878836,2302.3154114781905
52,50006280,0.03896183511037137,701.3130319866847
52,315195,0.021025185927049914,378.45334668689844
52,162108,0.13947018194743147,2510.463275053766
52,320500,0.17337606634677133,3120.7691942418837
52,144894,0.027651199099446924,497.72158379004463
52,209189,0.02848636924135223,512.7546463443401
52,218320,0.05373590086423044,967.246215556148
52,50014731,0.0446826951475525,804.2885126559449
53,162151,0.0071742385804535085,322.8407361204079
53,306178,0.007465954513757222,335.967953119075
53,363859,0.007728267325913569,347.7720296661106
53,160805,0.017375576702147642,781.900951596644
53,217229,0.009215902685364276,414.7156208413924
53,317394,0.007768210560643132,349.5694752289409
53,50027102,0.011387178289977809,512.4230230490014
53,50009353,0.015068407254736196,678.0783264631289
53,50017222,0.013470063940098847,606.1528773044481
53,311273,0.013352603513713915,600.8671581171261
53,50007038,0.01192307287143899,536.5382792147545
53,50019221,0.009830957138026657,442.3930712111996
53,163597,0.007619520836208705,342.8784376293917
53,207969,0.007644719632299879,344.0123834534945
53,50013422,0.04743913138100218,2134.760912145098
53,50013422,0.04743913138100218,2134.760912145098
53,50013422,0.04903783987797662,2206.702794508948
53,50013422,0.04903783987797662,2206.702794508948
53,316453,0.02348881268471622,1056.99657081223
53,210485,0.020106987798179866,904.8144509180939
53,311572,0.016774880413531132,754.869618608901
53,50012866,0.014158141090202364,637.1163490591064
53,161349,0.013024991939165398,586.1246372624429
53,161349,0.013024991939165398,586.1246372624429
53,127390,0.012337455108558834,555.1854798851475
53,306761,0.01867327377237072,840.2973197566824
53,50015544,0.01867327377237072,840.2973197566824
53,309346,0.014489770592494726,652.0396766622627
53,212022,0.013605248970707761,612.2362036818492
53,307327,0.0124737000831366,561.316503741147
53,311374,0.011299759237258443,508.48916567662997
53,161349,0.013024991939165398,586.1246372624429
53,161349,0.013024991939165398,586.1246372624429
53,211003,0.023038832526380587,1036.7474636871264
53,50015044,0.02107683526812382,948.4575870655719
53,50011632,0.021481873946161408,966.6843275772634
53,127750,0.06369663702281118,2866.3486660265035
53,50016159,0.08000704371447159,3600.316967151222
53,209219,0.07482045755875517,3366.9205901439827
53,3196,0.01803318497823985,811.4933240207932
53,147663,0.03622593175561221,1630.1669290025493
53,212422,0.018164676585199283,817.4104463339677
53,50007531,0.018313854473146134,824.1234512915761
53,215390,0.01720703934462693,774.3167705082119
53,308828,0.00905379193861689,407.42063723776005
53,50007876,0.008582194760526008,386.19876422367037
53,1053,0.01237026886247704,556.6620988114668
53,1054,0.00976748962192495,439.53703298662276
54,308375,0.046655736462216,1213.0491480176158
54,213012,0.04948558998956137,1286.6253397285955
54,50014330,0.05399371514581998,1403.8365937913195
54,324796,0.061027718343823464,1586.7206769394102
54,305535,0.06134949537454047,1595.0868797380522
54,312789,0.07137482533173121,1855.7454586250117
54,153612,0.055621312933042275,1446.1541362590992
54,50015868,0.057318635021404586,1490.2845105565193
54,159145,0.07603320513591076,1976.86333353368
54,162237,0.05217192183831028,1356.4699677960673
54,209125,0.05089128943650043,1323.1735253490112
54,307131,0.047181153104036554,1226.7099807049503
54,50035283,0.03893622523654474,1012.3418561501633
54,164235,0.07381630384927351,1919.2239000811114
54,308651,0.03630025965880429,943.8067511289115
54,50031674,0.035764961820011314,929.8890073202941
54,210964,0.061027718343823464,1586.7206769394102
54,1047,0.07104993297464533,1847.2982573407787
55,307362,0.14524054465448172,1452.405446544817
55,50019822,0.03226921035077006,322.6921035077006
55,162912,0.05644233336912261,564.4233336912262
55,213487,0.03946665950411184,394.66659504111834
55,218531,0.16059570228690712,1605.9570228690711
55,318084,0.05020556009026445,502.0556009026445
55,323509,0.06031839349603503,603.1839349603503
55,168994,0.09076174418862931,907.6174418862931
55,145235,0.04143411760867405,414.34117608674046
55,50015385,0.052441525617061835,524.4152561706184
55,50015385,0.052441525617061835,524.4152561706184
55,151376,0.03385669192517743,338.56691925177427
55,3958,0.03942030110910156,394.2030110910156
55,50010338,0.04022263894847747,402.2263894847747
55,50015385,0.052441525617061835,524.4152561706184
55,50015385,0.052441525617061835,524.4152561706184
56,314626,0.05496863561236415,659.6236273483697
56,168523,0.06174744152376578,740.9692982851893
56,326835,0.07415868934480221,889.9042721376265
56,141025,0.08441251114317085,1012.9501337180501
56,141910,0.091556025775444,1098.672309305328
56,307996,0.08722774202745398,1046.7329043294478
56,310086,0.08026285922660414,963.1543107192497
56,312340,0.06925954187893371,831.1145025472046
56,319966,0.0750573225693091,900.6878708317091
56,203076,0.08446013467064908,1013.521616047789
56,1005,0.07739158005038162,928.6989606045794
56,1006,0.15949751617712135,1913.9701941254561
57,310983,0.014208225979842492,198.91516371779488
57,310983,0.014208225979842492,198.91516371779488
57,5719,0.02489892904141887,348.58500657986417
57,157560,0.05470694359119237,765.8972102766932
57,50007996,0.0300984953085506,421.37893431970843
57,50009382,0.07470008119606966,1045.8011367449753
57,143340,0.08417212942995392,1178.4098120193548
57,310983,0.014208225979842492,198.91516371779488
57,310983,0.014208225979842492,198.91516371779488
57,171863,0.018850513983759216,263.907195772629
57,50005901,0.016234626499223064,227.2847709891229
57,318076,0.012457206832395405,174.40089565353566
57,50001625,0.04837870760562982,677.3019064788174
57,311591,0.013071340714667963,182.99877000535147
57,105020,0.0755329371075555,1057.461119505777
57,302926,0.013039172022227246,182.54840831118145
57,309320,0.014752091499897884,206.52928099857039
57,314888,0.014030126759390566,196.42177463146794
57,50010294,0.15539097504153276,2175.4736505814585
57,1200,0.10544347731952222,1476.208682473311
57,1201,0.0783938139225627,1097.5133949158778
57,1202,0.06136026644874136,859.043730282379
57,1205,0.04765526175633891,667.1736645887448
58,213578,0.02067047038554903,599.4436411809219
58,208642,0.02106052683006997,610.7552780720291
58,5426,0.004697437902197003,136.2256991637131
58,50032032,0.020493264767333375,594.3046782526678
58,327229,0.04804488208081936,1393.3015803437615
58,325414,0.004918824607906239,142.64591362928093
58,50008666,0.005888264485557909,170.75967008117937
58,312626,0.03200746990837495,928.2166273428735
58,164078,0.0342555675024511,993.411457571082
58,213822,0.07722918956930633,2239.6464975098834
58,213822,0.07722918956930633,2239.6464975098834
58,50016554,0.03297985089937014,956.415676081734
58,206678,0.02592451926601207,751.81105871435
58,208163,0.027096772815287277,785.806411643331
58,50007203,0.02875557928985361,833.9117994057547
58,155751,0.013126734608487874,380.67530364614834
58,304427,0.08523214252622892,2471.7321332606384
58,315568,0.08315455418018754,2411.4820712254386
58,151807,0.08017105159574582,2324.960496276629
58,213822,0.07722918956930633,2239.6464975098834
58,213822,0.07722918956930633,2239.6464975098834
58,160973,0.006451694256280848,187.09913343214458
58,316959,0.00633800209652035,183.80206079909013
58,158705,0.021447687110581603,621.9829262068665
58,205939,0.027539637488547215,798.6494871678692
58,208736,0.01681563242349879,487.65334028146486
58,50022480,0.017198598351488733,498.75935219317324
58,1194,0.004820516880165695,139.79498952480515
58,1195,0.004658603624149607,135.0995051003386
58,1196,0.005660105205562355,164.1430509613083
58,1197,0.006028529625357808,174.82735913537644
58,1198,0.005646321009189607,163.74330926649858
60,50005821,0.21873822081176705,1421.7984352764859
60,50022734,0.28325933879707327,1841.1857021809763
60,50008516,0.2021700277948075,1314.1051806662488
60,317386,0.09995119906418659,649.6827939172128
60,1090,0.19588121353216562,1273.2278879590765
61,313489,0.02655575813963318,292.11333953596494
61,313489,0.02655575813963318,292.11333953596494
61,313489,0.02655575813963318,292.11333953596494
61,313489,0.05311151627926636,584.2266790719299
61,313489,0.02622792453492666,288.5071698841933
61,313489,0.02622792453492666,288.5071698841933
61,313489,0.02622792453492666,288.5071698841933
61,313489,0.05245584906985332,577.0143397683865
61,313489,0.03939625897059472,433.3588486765419
61,313489,0.03939625897059472,433.3588486765419
61,313489,0.03939625897059472,433.3588486765419
61,313489,0.07879251794118944,866.7176973530838
61,313489,0.051999199851768055,571.9911983694486
61,313489,0.051999199851768055,571.9911983694486
61,313489,0.051999199851768055,571.9911983694486
61,313489,0.10399839970353611,1143.9823967388973
61,143568,0.14564413279203092,1602.0854607123401
61,305044,0.03240091714646786,356.4100886111465
61,330065,0.06499042458562934,714.8946704419228
61,1048,0.036068817991258946,396.7569979038484
62,50004460,0.07706229921809596,539.4360945266717
62,202818,0.08814209469391644,616.994662857415
62,215368,0.15770524020717946,1103.9366814502562
62,50013072,0.09908630818067304,693.6041572647113
62,144158,0.09144277472657346,640.0994230860142
62,349000,0.07241573804284394,506.9101662999076
62,1013,0.14603528118050024,1022.2469682635017
62,1014,0.12519024619732186,876.331723381253
62,1015,0.14292001755289552,1000.4401228702686
64,214020,0.5,500.0
64,307160,0.5,500.0
65,1204,1.0,400.0
66,208913,0.06875778967517562,446.92563288864153
66,310663,0.15037727865699468,977.4523112704654
66,207679,0.0818944611018367,532.3139971619385
66,50016366,0.1558973403707817,1013.3327124100811
66,50001050,0.03770959967810407,245.11239790767644
66,50002790,0.1169770613804331,760.3508989728151
66,316637,0.04084854212317674,265.5155238006488
66,145033,0.04316437206020306,280.5684183913199
66,50016546,0.03167848530531793,205.91015448456653
66,150368,0.03350478958861738,217.78113232601297
66,102612,0.058010331026551266,377.06715167258324
66,304602,0.056070486311866015,364.4581610271291
66,301928,0.04074073761603475,264.81479450422586
66,50009520,0.04886525158654193,317.6241353125226
66,1039,0.035503473518365074,230.77257786937298
67,313388,0.058430652296793666,1402.335655123048
67,320330,0.20438570946596107,4905.2570271830655
67,150726,0.1861175146972359,4466.820352733662
67,50011399,0.07317880944339637,1756.291426641513
67,320010,0.06498951432878047,1559.7483438907313
67,302990,0.06201728855295044,1488.4149252708105
67,50006225,0.052103780078530726,1250.4907218847375
67,309400,0.05803797009893835,1392.9112823745204
67,209681,0.13031305864009715,3127.5134073623317
67,50006622,0.11042570239731594,2650.2168575355827
74,207915,0.2665916688070238,0.0
74,305325,0.3821683907967516,0.0
74,114495,0.35123994039622475,0.0
75,50018225,0.28433620042087776,483.3715407154922
75,212461,0.20532605390848863,349.0542916444307
75,50034058,0.2790236211097532,474.3401558865805
75,216142,0.2313141245608805,393.2340117534968
