hex_id,point_id,distance_m
4,50022727,1425.17
4,132495,532.75
4,103449,557.56
4,204296,183.74
4,325074,590.97
4,50001677,286.08
4,50035379,471.31
4,151795,586.26
4,327421,702.88
5,5698,150.0
6,50004504,459.34
6,50004291,459.33
11,159686,501.18
11,205211,781.71
11,205295,929.2
11,307145,1374.43
11,122573,1778.48
11,306618,1800.03
11,159308,944.74
11,309818,928.18
11,305288,832.07
11,50010262,1018.87
11,1118,893.33
11,1119,865.19
11,1120,897.72
11,1121,482.66
11,1122,865.19
11,1123,865.19
11,1124,893.33
11,1134,584.49
12,115485,1126.45
12,50007186,941.3
12,320938,1041.79
12,142984,810.34
12,161945,1173.03
12,211389,764.5
12,151142,806.91
12,171326,416.2
12,321023,686.7
12,50000340,525.79
12,50006677,957.08
12,50022893,870.38
12,171008,733.41
12,132438,910.71
12,312745,635.71
12,171038,594.94
12,313125,421.77
12,210928,640.87
12,5297,870.53
12,209491,1320.46
12,50015998,1389.83
12,204648,1348.18
12,50002690,1244.66
12,309550,1511.37
12,50006188,1547.64
12,1072,458.18
13,126698,885.51
13,50006867,677.79
13,167574,617.47
13,212762,836.16
13,50000808,720.34
13,101793,720.8
13,318052,1480.4
13,1065,1177.76
13,1066,1266.11
13,1067,785.35
14,321694,1095.11
14,173155,1015.21
14,317634,929.9
14,159956,975.62
14,129981,856.93
14,50009499,727.82
14,314080,811.68
14,131488,786.22
14,305303,591.05
14,50017134,489.21
14,162105,452.46
14,163112,507.79
14,50011665,596.9
14,139652,524.52
14,164050,452.56
14,50022268,344.09
14,312376,590.11
14,308494,1177.15
14,50015468,1193.72
14,50019717,1147.06
14,50009047,1454.6
14,312610,1587.15
14,214065,1627.08
14,1023,796.62
14,1064,1177.77
15,319166,669.06
15,50016237,523.54
15,312117,375.58
15,319960,263.49
15,306313,511.78
15,50015425,754.95
19,50027530,860.53
19,50027540,675.02
19,308070,924.87
19,212080,937.47
19,50013962,979.8
19,142316,984.69
19,3106,859.9
19,319049,600.81
19,50015771,782.31
19,214583,435.11
19,155290,703.87
19,213460,591.26
19,5427,1337.53
19,360286,1627.59
19,312402,1345.75
19,125903,1383.62
19,321994,860.79
19,50008881,1005.5
19,50019523,914.75
19,1116,602.33
19,1117,994.59
20,125077,1103.32
20,50012899,1278.26
20,50005687,1244.44
20,50000939,1516.9
20,50008049,1018.87
20,212144,821.81
20,136188,1036.61
20,50017374,414.88
20,50012911,576.0
20,144104,849.75
20,50022857,470.84
20,50002472,991.11
20,50013041,1236.96
20,2890,957.62
20,210688,1180.32
20,1075,1207.09
20,1076,949.25
20,1077,924.68
20,1078,994.13
20,1098,1305.07
20,1099,1332.77
20,1106,979.67
20,1107,1417.23
20,1132,1352.22
20,1133,1316.71
21,50011456,826.23
21,50001101,884.8
21,50031886,1459.24
21,50034991,1513.17
21,50022152,1158.36
21,50017267,610.69
21,5285,772.05
21,209978,352.13
21,50009042,528.56
21,307356,534.03
21,162540,607.78
21,206935,817.15
21,50016484,763.96
21,203190,819.37
21,139531,1149.35
21,50016357,1125.98
21,161796,1135.15
21,209080,1478.9
21,1073,1309.39
21,1074,853.38
21,1080,1077.28
21,1081,870.74
21,1083,1235.28
22,50003520,514.18
22,50005351,514.17
23,50006852,1013.0
23,140184,871.72
23,217837,783.59
23,108722,787.53
23,50019116,639.95
23,50006212,828.12
23,214718,724.18
23,50018091,642.72
23,317159,710.99
23,313779,986.1
23,311080,640.36
23,50015883,230.43
23,50007486,495.54
23,308121,1249.43
23,50015564,1655.41
23,150148,1474.6
23,1024,571.64
23,1025,571.64
23,1026,400.64
23,1027,400.64
23,1028,670.11
23,1029,640.36
23,1030,582.57
23,1031,747.19
25,50003803,991.15
25,50027531,523.33
25,167731,660.16
26,110453,275.59
26,50022799,186.96
26,321507,944.5
26,50006291,426.01
26,213506,715.34
26,101476,700.71
26,172240,1021.19
26,1137,1016.1
26,1138,762.76
26,1139,527.7
27,312025,1453.77
27,172245,1261.35
27,211507,1080.79
27,211019,801.95
27,50011757,912.31
27,1809,1023.27
27,306046,1511.36
27,159277,1206.8
27,50006259,1098.25
27,50017354,815.4
27,50005049,813.72
27,50008255,533.35
27,50011386,378.08
27,134871,294.39
27,329651,407.04
27,317079,1299.06
27,327650,1484.53
27,144910,1519.85
27,50022194,1426.56
27,169830,1165.31
27,50002078,635.79
27,312025,1453.77
27,50032099,1463.55
27,172245,1261.35
27,206380,844.07
27,50013942,954.5
27,50006250,1241.14
27,50001545,1338.02
27,143503,1165.31
27,1101,1142.21
27,1102,1236.93
27,1103,983.78
27,1104,1011.94
27,1105,941.73
27,1108,1201.19
27,1109,1253.36
27,1110,788.79
27,1111,772.28
27,1112,534.11
27,1113,534.11
27,1114,418.26
27,1115,589.35
28,2122,1058.19
28,50014074,1154.38
28,50034056,1099.03
28,50037986,973.64
28,50031787,1280.56
28,137644,1112.06
28,151739,1391.63
28,150386,1205.78
28,308738,1222.96
28,157869,1124.6
28,335761,1161.23
28,50004457,999.39
28,114368,521.8
28,214796,507.04
28,50006439,505.25
28,311711,735.62
28,130288,1462.74
28,130288,1462.74
28,306686,1198.19
28,349561,800.65
28,208111,752.64
28,127434,390.19
28,50006610,777.39
28,215050,1013.88
28,313083,1250.5
28,50017787,1166.84
28,150043,1375.02
28,215158,1532.68
28,213607,1339.13
28,1069,1215.09
28,1070,1078.32
28,1071,1041.86
28,1079,1326.96
28,1082,933.49
28,1084,1041.86
28,1085,1078.32
28,1091,854.19
28,1092,895.42
28,1093,1136.88
28,1094,1481.16
28,1095,1454.25
28,1096,1423.8
28,1100,1488.25
29,173134,1235.08
29,312276,1089.8
29,141127,1045.61
29,3852,1256.37
29,337942,1151.18
29,50007604,1058.62
29,139733,1006.97
29,315637,817.17
29,140341,861.63
29,50016337,861.63
29,307384,846.01
29,139581,929.64
29,50004254,810.36
29,126707,616.25
29,212229,474.7
29,322777,1002.53
29,213695,645.43
29,50019696,891.71
29,318390,855.1
29,211591,765.42
29,213621,736.87
29,50005710,425.11
29,319606,685.68
29,316252,687.18
29,140352,812.1
29,320976,1174.54
29,312535,1376.85
29,212518,1406.01
29,309432,1283.18
29,50017411,1406.61
29,50016599,1124.25
29,1086,548.81
30,50015367,709.78
30,162684,230.66
30,310691,648.66
30,309492,564.17
30,320115,741.42
30,160580,922.38
30,213025,742.34
30,322809,978.58
30,311268,810.0
30,1032,622.86
30,1033,720.57
30,1034,676.23
31,50000027,1218.9
31,308919,925.78
31,5724,596.89
31,139667,806.13
31,336560,712.2
31,130971,691.24
31,211869,770.34
31,314525,886.66
31,318295,867.46
31,318205,686.3
31,50008906,587.97
31,325165,1183.06
31,1020,1461.43
31,1021,297.07
32,50003926,150.0
34,311605,1287.95
34,162181,1251.92
34,321461,1102.64
34,325824,1179.26
34,50010189,944.77
34,6007,834.71
34,327321,492.78
34,314961,1228.46
34,162363,739.86
34,314488,921.53
34,150877,881.11
34,307799,984.82
34,50003893,1099.74
34,50004592,606.43
34,50034184,766.95
34,50007850,830.24
34,1150,1101.95
34,1151,728.07
34,1152,1486.5
35,50007505,1384.04
35,50022830,1087.38
35,308356,906.63
35,169926,734.31
35,322743,552.11
35,165829,285.52
35,50022556,411.34
35,302715,353.03
35,151474,462.81
35,309713,480.86
35,163299,464.06
35,50017901,560.77
35,141696,580.86
35,150856,875.83
35,306764,981.23
35,50011829,968.56
35,50008202,959.23
35,145143,875.83
35,311084,1191.03
35,311084,1191.03
35,214958,1407.43
35,314375,1028.97
35,50034108,1090.71
35,137023,1257.21
35,50017960,1366.96
35,1140,1393.15
35,1141,1204.68
35,1142,1025.37
35,1143,1010.58
35,1144,610.59
35,1145,679.84
35,1146,676.81
35,1147,676.76
35,1148,691.85
35,1149,1253.59
35,1156,1105.78
35,1157,869.65
35,1158,938.74
35,1159,1033.28
35,1160,903.88
35,1161,1259.88
35,1162,1259.88
35,1163,1306.43
36,327069,1553.31
36,50007884,1234.31
36,101224,856.49
36,50000763,731.2
36,215440,1000.29
36,114183,1111.58
36,50016730,1188.41
36,130439,1089.39
36,3090,1140.59
36,335637,1183.11
36,50002697,551.36
36,110310,1369.04
36,50022352,1358.66
36,218499,1093.65
36,50012770,955.28
36,50022393,823.36
36,50014197,719.06
36,168833,562.17
36,50007861,701.97
36,50001931,1104.95
36,215578,1424.56
36,50035925,1385.5
36,320015,1305.7
36,50016730,1188.41
36,130439,1089.39
36,126997,1428.86
36,50009505,1455.61
36,3090,1140.59
36,335637,1183.11
36,50027099,1072.7
36,1097,1434.1
36,1155,1203.77
37,135247,1429.05
37,300686,1260.61
37,114613,1295.9
37,158336,1233.6
37,216668,1055.26
37,109221,1110.56
37,50005267,1016.04
37,164045,895.64
37,50008234,1173.82
37,313972,1118.25
37,313586,767.08
37,214004,1496.12
37,123260,1372.62
37,50038086,1355.62
37,50011662,1271.25
37,128155,1169.52
37,50015344,794.53
37,50008314,913.05
37,50002618,1233.53
37,319831,1262.21
37,142678,1174.62
37,142678,1174.62
37,50008314,913.05
37,50015344,794.53
37,1061,1594.16
37,1062,732.52
37,1063,1015.24
37,1068,1333.97
37,1087,1413.77
37,1088,1015.24
37,1089,732.52
38,316998,1204.6
38,311516,691.43
38,50000309,449.63
38,319479,756.63
38,165913,714.94
38,307802,933.32
38,50019334,626.89
38,162553,869.94
38,50013264,941.48
38,312428,1127.19
38,139037,1635.13
38,1038,719.6
38,1040,949.76
38,1041,1065.64
39,162433,1758.96
39,50035892,1173.56
39,50013069,1124.29
39,164005,1082.61
39,160547,1035.31
39,50013987,924.26
39,2055,775.3
39,157715,466.65
39,206909,735.42
39,50016466,941.79
39,50006913,1116.55
39,214816,982.68
39,50022975,1080.34
39,50008878,973.38
39,305662,895.37
39,322499,841.5
39,310122,763.55
39,50016121,1521.94
39,1018,557.12
39,1019,670.17
39,1036,861.25
39,1037,1541.61
40,310169,837.95
40,162837,841.93
40,137621,550.52
40,50017284,691.13
40,165263,939.42
40,156999,630.91
40,156977,1131.24
40,308179,1287.7
40,1008,1357.44
40,1009,1131.19
40,1010,367.55
41,5074,1413.7
41,50022127,1262.68
41,139490,1829.15
41,50017560,1216.25
41,323326,1110.07
41,161324,940.41
41,150554,905.27
41,364170,431.44
41,50015247,333.27
41,1184,1041.26
41,1185,705.32
41,1186,698.75
42,50012731,1218.73
42,50013770,1303.61
42,158835,1284.21
42,5927,1177.64
42,205001,939.37
42,50017220,915.31
42,312212,1339.54
42,305933,1323.52
42,139563,1301.51
42,6071,891.66
42,213810,769.51
42,213591,1143.97
42,217460,750.26
42,315869,771.74
42,319945,1043.79
42,202826,687.96
42,307082,208.71
42,50005846,590.38
42,50014180,587.85
42,147976,553.2
42,157598,799.55
42,50019260,874.65
42,1283,832.04
42,50005059,1121.54
42,50013432,952.75
42,216293,938.72
42,50001411,1145.69
42,50031275,1320.96
42,50003019,1220.0
42,1153,1110.1
42,1154,909.8
42,1164,1132.95
42,1174,1343.34
42,1175,984.33
42,1176,984.33
42,1177,689.11
42,1178,567.96
42,1179,503.27
42,1180,845.97
42,1181,981.83
42,1182,1054.58
42,1183,1520.2
43,209621,1708.56
43,50007108,1793.63
43,314947,1190.69
43,50014582,915.11
43,218396,1052.63
43,50007243,431.8
43,144597,270.87
43,159616,280.9
43,50006544,422.78
43,50014990,410.78
43,102332,338.08
43,50019620,309.01
43,304381,244.96
43,50007243,431.8
43,215971,397.7
43,157827,535.95
43,208335,651.83
43,140119,788.35
43,127171,568.08
43,309655,631.59
43,321022,734.05
43,50003801,774.94
43,140527,761.12
43,217423,876.28
43,141797,863.69
43,202530,935.14
43,140119,788.35
43,208335,651.83
43,314956,858.39
43,141272,1139.4
43,123498,1545.19
43,308981,1494.66
43,110564,1438.04
43,317467,1024.36
43,1165,1763.68
43,1166,1905.46
44,350046,1190.5
44,2454,1246.64
44,50007483,1280.12
44,50013391,1120.67
44,141500,986.53
44,50022479,908.56
44,50014102,886.0
44,158526,1263.15
44,332239,1281.59
44,141130,1423.56
44,125938,1223.56
44,159387,1009.82
44,306519,990.3
44,163662,902.06
44,162057,738.77
44,309168,587.88
44,124813,462.27
44,159164,1183.91
44,208296,920.93
44,50022919,1134.09
44,159923,1262.23
44,124049,1262.23
44,306446,1165.59
44,111541,789.14
44,159614,1074.88
44,50015381,1153.39
44,50006036,1236.87
44,320592,968.99
44,50006952,804.11
44,50014963,1152.97
44,160311,1026.98
44,303212,826.78
44,206949,683.85
44,169877,616.82
44,50008920,830.47
44,172437,774.56
44,102778,851.64
44,308003,432.45
44,112934,467.94
44,50017741,1224.08
44,161731,1223.45
44,169598,1283.19
44,101756,1366.12
44,211005,1362.1
44,168525,1362.26
44,213026,1003.84
44,312293,1105.42
44,50013068,1103.8
44,149433,1166.58
44,50016618,1253.49
44,2182,1422.53
44,157767,1454.4
44,212542,1375.13
44,141151,1434.06
44,307325,1342.32
44,313139,1190.91
44,50015132,1231.11
44,50015722,1048.8
44,123745,980.91
44,140070,1306.1
44,996,1249.28
44,50006347,1166.07
44,308958,936.51
44,1055,1429.26
44,1059,517.76
44,1060,957.75
45,50034737,1384.8
45,311410,1198.81
45,316508,1035.86
45,112685,1119.03
45,5428,873.95
45,315660,874.0
45,157910,426.57
45,212274,988.78
45,50005499,841.72
45,156711,495.01
45,141401,327.22
45,50010084,433.65
45,306743,538.5
45,110623,1367.43
45,323098,1434.69
45,323036,1286.38
45,50010060,1040.67
45,50006771,956.29
45,155932,925.36
45,142568,717.91
45,308100,605.52
45,312473,262.85
45,157770,296.95
45,142912,432.52
45,310094,661.12
45,206097,738.55
45,137176,544.03
45,321194,606.78
45,151691,658.26
45,150701,669.48
45,111059,790.35
45,164697,805.85
45,310657,818.34
45,144560,958.52
45,113174,1155.31
45,50017063,1038.13
45,1042,925.64
45,1043,867.75
45,1045,951.23
45,1046,970.17
45,1050,878.45
45,1051,876.92
45,1052,1074.72
45,1056,1562.17
45,1057,1328.07
45,1058,1513.11
46,212451,1745.43
46,210282,1134.34
46,214434,1177.18
46,209718,872.16
46,342331,709.27
46,209176,719.99
46,50022075,735.19
46,306922,810.76
46,164179,532.25
46,302095,600.3
46,121352,671.04
46,151875,453.08
46,50022339,523.64
46,50005904,487.25
46,50006393,764.1
46,317464,535.76
46,50035105,750.44
46,306930,923.22
46,112891,1029.14
46,326637,1117.77
46,50002867,1048.04
46,165658,1200.53
46,50013587,1354.49
46,1016,1362.45
46,1017,1467.62
46,1044,817.35
47,317624,1405.72
47,326073,1104.78
47,310391,1268.96
47,214131,986.62
47,319050,1109.15
47,50034918,767.78
47,164023,332.91
47,103929,514.46
47,50007090,1189.11
47,123078,1388.66
47,50006425,1149.57
47,1011,617.25
47,1012,1416.31
48,324782,744.17
48,137365,480.13
48,142978,597.77
48,50015985,485.13
48,308364,553.85
48,137674,696.75
48,214779,454.22
48,331720,518.66
48,127374,422.84
48,301416,611.78
48,50027095,1010.71
48,50001712,1850.49
49,50016277,1345.03
49,207218,1143.46
49,3849,1150.01
49,150729,967.04
49,308260,853.32
49,170609,741.93
49,308296,651.84
49,211593,705.68
49,308296,651.84
49,50016142,682.57
49,151814,551.76
49,308309,476.32
49,50008206,454.75
49,125738,453.63
49,160054,391.13
49,50005090,1078.75
49,132759,795.45
49,211201,796.71
49,157562,739.66
49,211055,517.44
49,211508,492.06
49,103125,719.33
49,50018097,835.37
49,50016375,1146.46
49,211709,1094.93
49,202312,813.61
49,134717,843.4
49,214183,1025.76
49,312425,872.87
49,173129,1048.07
49,322864,1060.84
49,1199,628.68
50,111208,1076.89
50,162886,1001.42
50,50019608,882.3
50,323085,685.52
50,124885,619.09
50,164144,718.69
50,311985,738.59
50,340344,765.75
50,307096,381.67
50,327619,989.97
50,322154,807.02
50,50002241,811.0
50,50001022,1407.32
50,308215,1100.51
50,3892,1399.09
50,1187,1153.79
50,1188,1248.49
50,1189,307.44
51,50002962,473.12
51,306539,994.96
51,50003086,1144.66
51,50035050,1141.63
51,1167,1147.15
51,1168,1047.86
51,1169,975.67
51,1170,975.67
51,1171,825.49
51,1172,749.24
51,1173,930.38
51,1190,569.43
51,1191,623.38
51,1192,750.0
51,1193,1302.38
52,308733,1406.83
52,50005386,1239.31
52,323014,1057.15
52,215599,930.97
52,160807,737.5
52,163510,682.91
52,50006280,514.97
52,315195,1243.07
52,162108,1077.02
52,320500,1190.41
52,144894,840.49
52,209189,805.51
52,218320,875.71
52,50014731,1139.79
53,162151,1609.65
53,306178,1520.56
53,363859,1447.37
53,160805,1224.53
53,217229,1125.53
53,317394,1436.75
53,50027102,831.96
53,50009353,557.59
53,50017222,654.46
53,311273,662.7
53,50007038,779.06
53,50019221,1026.3
53,163597,1476.97
53,207969,1470.02
53,50013422,1400.98
53,50013422,1336.19
53,316453,295.73
53,210485,369.27
53,311572,478.36
53,50012866,609.5
53,161349,686.64
53,127390,741.95
53,306761,410.43
53,50015544,410.43
53,309346,589.67
53,212022,645.19
53,307327,730.4
53,311374,841.17
53,161349,686.64
53,211003,818.35
53,50015044,929.31
53,50011632,904.38
53,127750,919.61
53,50016159,1001.48
53,209219,1102.11
53,3196,1161.24
53,147663,1153.94
53,212422,1149.25
53,50007531,1135.9
53,215390,1241.7
53,308828,1154.43
53,50007876,1246.11
53,1053,739.14
53,1054,1035.84
54,308375,1190.24
54,213012,1094.21
54,50014330,966.07
54,324796,811.02
54,305535,804.95
54,312789,648.43
54,153612,925.94
54,50015868,887.02
54,159145,592.43
54,162237,1014.62
54,209125,1051.29
54,307131,1171.35
54,50035283,1541.17
54,164235,1663.56
54,308651,1703.5
54,50031674,1740.04
54,210964,811.02
54,1047,652.67
55,307362,1519.36
55,50019822,1007.63
55,162912,1220.29
55,213487,755.76
55,218531,737.48
55,318084,535.88
55,323509,412.3
55,168994,229.99
55,145235,705.02
55,50015385,503.54
55,151376,940.82
55,3958,757.03
55,50010338,735.55
55,50015385,503.54
56,314626,1649.85
56,168523,1397.32
56,326835,1075.63
56,141025,893.95
56,141910,796.0
56,307996,853.02
56,310086,960.7
56,312340,1185.95
56,319966,1057.28
56,203076,893.23
56,1005,1012.02
56,1006,360.19
57,310983,1137.84
57,5719,1374.25
57,157560,1201.53
57,50007996,1048.1
57,50009382,769.98
57,143340,649.25
57,310983,1137.84
57,171863,759.76
57,50005901,940.51
57,318076,1373.03
57,50001625,532.06
57,311591,1281.81
57,105020,757.88
57,302926,1286.33
57,309320,1078.39
57,314888,1158.53
57,50010294,1299.11
57,1200,470.57
57,1201,718.68
57,1202,1019.83
57,1205,1463.36
58,213578,1080.34
58,208642,1051.87
58,5426,1238.07
58,50032032,1093.71
58,327229,871.61
58,325414,1159.24
58,50008666,896.53
58,312626,578.46
58,164078,525.0
58,213822,442.43
58,50016554,554.25
58,206678,781.71
58,208163,733.85
58,50007203,674.13
58,155751,285.22
58,304427,384.3
58,315568,547.55
58,151807,576.89
58,213822,442.43
58,160973,786.81
58,316959,807.05
58,158705,1024.85
58,205939,1279.7
58,208736,1450.82
58,50022480,1404.89
58,1194,1193.16
58,1195,1252.84
58,1196,948.6
58,1197,866.88
58,1198,951.91
60,50005821,534.85
60,50022734,369.71
60,50008516,598.55
60,317386,1637.35
60,1090,626.19
61,313489,617.18
61,313489,628.23
61,313489,351.32
61,313489,236.32
61,143568,393.18
61,305044,1250.34
61,330065,1245.16
61,1048,398.52
62,50004460,807.02
62,202818,666.1
62,215368,290.13
62,50013072,563.54
62,144158,632.02
62,349000,882.0
62,1013,323.81
62,1014,403.5
62,1015,333.94
64,214020,382.79
64,307160,382.79
65,1204,150.0
66,208913,825.3
66,310663,726.34
66,207679,642.89
66,50016366,689.88
66,50001050,723.17
66,50002790,1039.85
66,316637,645.11
66,145033,596.24
66,50016546,927.61
66,150368,856.23
66,102612,390.86
66,304602,410.32
66,301928,647.55
66,50009520,499.41
66,1039,788.21
67,313388,1087.85
67,320330,1317.6
67,150726,559.54
67,50011399,788.74
67,320010,934.47
67,302990,999.1
67,50006225,1281.36
67,309400,1098.38
67,209681,931.05
67,50006622,1179.54
74,207915,589.59
74,305325,352.46
74,114495,397.62
75,50018225,665.68
75,212461,1059.86
75,50034058,683.86
75,216142,893.94
